timestamp,open,high,low,close,volume
2018-01-02,47.68,49.14,47.07,48.52,5727764
2018-01-03,48.85,49.67,46.71,47.5,6428070
2018-01-04,47.75,50.74,46.31,49.26,5961015
2018-01-05,49.19,50.05,46.5,47.32,5832742
2018-01-08,47.25,49.9,46.59,49.22,6728670
2018-01-09,49.3,51.24,48.64,50.56,6581645
2018-01-10,50.79,51.27,50.13,50.6,5159451
2018-01-11,50.8,51.67,49.58,50.44,5491766
2018-01-12,50.12,50.64,49.42,49.94,6919018
2018-01-15,49.98,51.4,49.56,50.97,5927102
2018-01-16,51.47,52.4,50.06,50.98,5604473
2018-01-17,50.44,51.04,47.63,48.2,9780793
2018-01-18,48.18,49.09,47.08,47.98,5504744
2018-01-19,47.93,48.42,46.0,46.48,7161429
2018-01-22,46.6,47.55,43.33,44.23,10367810
2018-01-23,44.12,45.66,43.01,44.54,5533608
2018-01-24,44.3,45.09,42.29,43.06,6664397
2018-01-25,43.34,45.24,42.49,44.38,5349149
2018-01-26,44.57,45.71,43.86,44.99,6285559
2018-01-29,45.28,45.8,44.84,45.37,5436167
2018-01-30,45.47,47.31,44.65,46.47,6490157
2018-01-31,45.82,50.17,44.69,48.95,8237447
2018-02-01,49.11,50.59,48.5,49.98,6027410
2018-02-02,50.28,51.56,48.61,49.88,5949685
2018-02-05,50.49,51.34,49.28,50.12,5294128
2018-02-06,49.65,50.55,43.58,44.38,8188179
2018-02-07,44.36,46.99,43.8,46.4,10305872
2018-02-08,46.49,48.09,45.64,47.23,7257460
2018-02-09,47.14,48.4,46.3,47.55,5243516
2018-02-12,47.57,48.05,46.18,46.65,5497564
2018-02-13,46.8,47.16,46.34,46.69,6029026
2018-02-14,46.93,47.58,45.32,45.96,5833981
2018-02-15,45.77,46.52,44.63,45.36,5736654
2018-02-16,45.13,45.82,44.36,45.05,6953640
2018-02-19,45.07,46.88,44.5,46.29,6570520
2018-02-20,46.4,48.76,45.78,48.11,5412226
2018-02-21,48.11,48.73,46.68,47.29,7488479
2018-02-22,47.19,48.03,46.83,47.66,5231451
2018-02-23,47.98,48.84,44.99,45.81,9073098
2018-02-26,45.97,47.2,44.35,45.56,7255471
2018-02-27,45.73,46.88,44.99,46.13,5249490
2018-02-28,45.98,48.59,45.52,48.1,11974533
2018-03-01,48.16,49.11,46.59,47.53,6918329
2018-03-02,47.75,49.96,46.88,49.06,6756891
2018-03-05,49.25,50.05,48.54,49.34,5124579
2018-03-06,48.91,50.23,48.18,49.49,6641348
2018-03-07,49.43,50.12,47.07,47.73,6731269
2018-03-08,47.7,48.49,46.32,47.11,6948309
2018-03-09,46.96,48.12,45.5,46.65,5737345
2018-03-12,46.73,48.21,46.08,47.55,6396222
2018-03-13,47.37,49.52,46.64,48.77,5594610
2018-03-14,48.71,49.69,47.15,48.11,5450885
2018-03-15,47.74,48.61,45.03,45.86,6898614
2018-03-16,45.62,46.33,44.77,45.48,5639507
2018-03-19,46.01,49.24,44.77,47.95,8920431
2018-03-20,48.3,51.52,47.45,50.63,10314609
2018-03-21,50.99,51.63,49.04,49.66,5974829
2018-03-22,49.76,50.91,48.46,49.6,5832046
2018-03-23,49.38,50.12,48.71,49.44,6826740
2018-03-26,49.93,50.64,48.15,48.84,5388391
2018-03-27,48.82,49.49,46.1,46.74,10390542
2018-03-28,47.04,47.6,46.54,47.09,6972842
2018-03-29,47.12,47.66,46.25,46.79,9121146
2018-03-30,46.49,48.25,45.73,47.48,6810686
2018-04-02,47.19,47.82,44.72,45.33,5038147
2018-04-03,45.11,47.66,44.16,46.67,5047658
2018-04-04,46.51,47.23,45.69,46.41,5953614
2018-04-05,46.47,48.43,45.63,47.58,6418469
2018-04-06,47.6,50.47,46.5,49.33,5508906
2018-04-09,49.53,52.01,48.75,51.2,6538117
2018-04-10,51.4,52.13,49.41,50.12,5545125
2018-04-11,49.93,52.76,48.77,51.57,6287476
2018-04-12,51.42,52.77,50.79,52.13,5432717
2018-04-13,52.06,53.05,51.22,52.21,6614385
2018-04-16,52.37,55.49,51.51,54.6,8876861
2018-04-17,54.73,55.98,51.82,53.03,5411753
2018-04-18,53.27,56.86,52.06,55.6,9376703
2018-04-19,55.49,55.9,53.55,53.95,6090833
2018-04-20,53.87,57.12,52.72,55.92,5109000
2018-04-23,56.24,58.11,55.37,57.23,6940535
2018-04-24,57.15,59.76,56.27,58.85,6762310
2018-04-25,58.37,59.51,57.25,58.39,5330930
2018-04-26,58.56,60.02,54.35,55.75,9091158
2018-04-27,56.05,57.83,55.28,57.05,5344120
2018-04-30,56.9,57.69,52.74,53.48,10066883
2018-05-01,53.02,54.48,51.72,53.17,8640071
2018-05-02,53.32,56.17,52.88,55.71,8361376
2018-05-03,55.76,56.77,54.4,55.4,7675884
2018-05-04,55.46,57.62,54.95,57.09,7275123
2018-05-07,57.3,61.2,56.24,60.09,8031708
2018-05-08,59.74,61.22,57.56,59.01,5639232
2018-05-09,59.4,60.52,57.87,58.98,8464124
2018-05-10,59.33,60.2,58.29,59.15,5145590
2018-05-11,58.46,59.46,57.55,58.55,5719657
2018-05-14,58.52,59.33,57.72,58.53,6306457
2018-05-15,58.47,59.78,57.4,58.71,6632994
2018-05-16,58.37,60.72,57.78,60.11,5663446
2018-05-17,59.91,62.38,58.92,61.37,6513813
2018-05-18,61.64,63.14,59.78,61.27,5697543
2018-05-21,61.25,61.95,57.8,58.46,8047466
2018-05-22,58.35,59.31,57.0,57.95,6672344
2018-05-23,57.76,58.59,54.62,55.42,6005656
2018-05-24,54.69,56.73,53.51,55.54,7785706
2018-05-25,56.14,56.84,54.11,54.8,6333992
2018-05-28,54.69,55.93,52.3,53.52,6679502
2018-05-29,53.25,54.23,51.32,52.29,6489497
2018-05-30,52.43,54.78,51.37,53.7,5349689
2018-05-31,54.09,54.95,52.07,52.91,5035231
2018-06-01,53.42,54.34,51.31,52.21,6380095
2018-06-04,52.32,53.14,49.64,50.42,6842669
2018-06-05,49.94,50.61,47.33,47.98,5402894
2018-06-06,48.14,49.64,47.2,48.69,5096996
2018-06-07,48.51,49.09,45.75,46.31,13907668
2018-06-08,46.22,46.47,44.37,44.61,5054392
2018-06-11,44.75,46.56,44.07,45.86,5315616
2018-06-12,45.75,46.33,45.11,45.7,5131205
2018-06-13,45.83,46.24,45.2,45.61,5602606
2018-06-14,45.6,46.44,44.38,45.21,6547386
2018-06-15,45.21,46.02,44.03,44.84,5643922
2018-06-18,45.26,46.08,42.79,43.58,6585655
2018-06-19,43.88,46.37,43.05,45.5,5173906
2018-06-20,45.73,45.93,44.83,45.03,5769166
2018-06-21,45.16,46.88,44.1,45.81,5784246
2018-06-22,45.72,46.38,44.37,45.02,6741702
2018-06-25,44.94,45.37,43.43,43.85,6426895
2018-06-26,44.2,44.78,41.51,42.05,10514449
2018-06-27,41.71,42.08,40.1,40.45,6463544
2018-06-28,40.32,41.15,37.95,38.74,5730740
2018-06-29,38.67,39.32,37.46,38.1,5010399
2018-07-02,38.58,39.1,36.76,37.26,5543536
2018-07-03,37.6,39.15,36.78,38.31,5464209
2018-07-04,37.94,38.71,36.46,37.21,5524599
2018-07-05,37.24,37.98,33.92,34.61,9396654
2018-07-06,34.82,35.84,34.24,35.25,5743125
2018-07-09,35.09,35.41,34.53,34.84,7853003
2018-07-10,34.94,37.32,34.19,36.54,11143849
2018-07-11,36.56,37.26,35.84,36.54,5048552
2018-07-12,36.49,37.26,35.66,36.43,5707906
2018-07-13,36.4,37.09,34.47,35.13,6261442
2018-07-16,35.08,35.84,33.08,33.81,6327087
2018-07-17,33.49,36.09,32.72,35.29,10218635
2018-07-18,34.97,35.32,34.21,34.55,7522235
2018-07-19,34.54,36.27,33.8,35.51,7936596
2018-07-20,35.61,36.25,33.61,34.23,5374218
2018-07-23,34.21,34.63,33.18,33.6,6370452
2018-07-24,33.43,34.94,32.74,34.23,6531538
2018-07-25,34.12,34.54,32.96,33.37,7437550
2018-07-26,33.32,34.15,32.72,33.55,6198191
2018-07-27,33.39,34.14,33.1,33.85,5065717
2018-07-30,34.0,34.94,33.41,34.34,5561556
2018-07-31,34.61,35.0,33.59,33.97,6047430
2018-08-01,33.7,34.53,32.0,32.81,5057519
2018-08-02,32.49,33.71,32.03,33.24,6900351
2018-08-03,33.16,33.3,31.84,31.98,6076302
2018-08-06,32.1,32.69,30.69,31.27,5409679
2018-08-07,31.3,31.93,30.95,31.58,5795325
2018-08-08,31.66,32.35,30.09,30.76,6292510
2018-08-09,30.75,31.23,29.83,30.31,7495933
2018-08-10,30.34,30.77,29.4,29.83,5141598
2018-08-13,29.59,30.06,27.48,27.92,12043245
2018-08-14,27.88,28.23,26.72,27.06,5565274
2018-08-15,27.36,27.93,26.24,26.79,5265431
2018-08-16,26.64,27.06,24.84,25.23,12199363
2018-08-17,25.21,25.7,24.63,25.12,6898419
2018-08-20,25.15,25.42,24.02,24.28,5738771
2018-08-21,24.1,24.58,23.01,23.48,5662720
2018-08-22,23.35,23.92,22.13,22.69,8101354
2018-08-23,22.72,23.16,22.37,22.81,5170992
2018-08-24,22.71,23.17,21.52,21.97,6569143
2018-08-27,21.93,22.48,21.49,22.03,6712497
2018-08-28,21.96,22.23,21.13,21.39,5774133
2018-08-29,21.47,22.29,21.14,21.95,5350369
2018-08-30,22.11,22.45,20.62,20.94,9194749
2018-08-31,20.93,21.57,20.67,21.31,5222899
2018-09-03,21.06,21.31,20.32,20.56,7757279
2018-09-04,20.71,21.5,20.4,21.18,5679139
2018-09-05,20.9,21.69,20.42,21.2,6198939
2018-09-06,21.33,21.57,20.12,20.35,8597712
2018-09-07,20.25,20.5,19.85,20.1,5153712
2018-09-10,20.02,21.11,19.81,20.89,9770372
2018-09-11,20.86,21.15,19.98,20.26,5559306
2018-09-12,20.13,20.7,19.81,20.37,5171241
2018-09-13,20.47,20.83,19.94,20.31,8162586
2018-09-14,20.35,20.83,19.33,19.79,5475617
2018-09-17,19.82,20.45,19.45,20.07,6525145
2018-09-18,20.05,21.26,19.71,20.9,11671581
2018-09-19,20.74,21.06,20.3,20.61,7323674
2018-09-20,20.56,20.91,19.53,19.86,5459445
2018-09-21,19.87,20.17,19.51,19.81,6448287
2018-09-24,19.82,20.91,19.44,20.52,6900820
2018-09-25,20.41,21.21,20.09,20.89,6072027
2018-09-26,21.04,21.63,20.74,21.32,5189118
2018-09-27,21.43,22.25,20.96,21.76,5039065
2018-09-28,21.82,22.2,21.38,21.76,5802436
2018-10-01,21.75,22.27,20.91,21.42,5380316
2018-10-02,21.39,21.88,19.87,20.34,8549050
2018-10-03,20.58,20.95,19.78,20.14,6443714
2018-10-04,20.17,20.64,19.43,19.89,5288430
2018-10-05,19.95,20.19,19.38,19.61,5948582
2018-10-08,19.45,19.72,18.56,18.83,5779322
2018-10-09,18.87,20.06,18.54,19.72,9145969
2018-10-10,19.82,20.2,19.33,19.7,7609456
2018-10-11,19.81,20.06,19.16,19.41,7037116
2018-10-12,19.6,19.88,19.33,19.6,5730356
2018-10-15,19.49,20.03,18.84,19.38,5867996
2018-10-16,19.4,20.09,19.24,19.92,5899345
2018-10-17,19.86,20.44,19.44,20.02,6087964
2018-10-18,20.12,20.57,19.83,20.27,5674719
2018-10-19,20.23,20.75,20.01,20.53,5742203
2018-10-22,20.53,20.56,20.42,20.45,5356554
2018-10-23,20.38,20.85,19.64,20.11,5854557
2018-10-24,20.09,20.83,19.73,20.47,6672584
2018-10-25,20.4,20.88,20.09,20.57,5424552
2018-10-26,20.57,21.04,20.15,20.62,5280741
2018-10-29,20.73,22.28,20.17,21.7,11578274
2018-10-30,21.57,23.5,21.18,23.09,9590651
2018-10-31,23.15,24.01,22.77,23.62,6569000
2018-11-01,23.53,24.06,22.81,23.34,5568087
2018-11-02,23.32,23.69,22.97,23.35,5940999
2018-11-05,23.25,23.55,23.06,23.36,5288430
2018-11-06,23.3,23.73,22.28,22.7,6611009
2018-11-07,22.75,23.97,22.34,23.55,5205196
2018-11-08,23.66,23.89,23.32,23.55,6004567
2018-11-09,23.64,24.0,23.13,23.49,5469909
2018-11-12,23.51,23.85,22.96,23.3,6157627
2018-11-13,23.08,23.33,22.58,22.83,5882089
2018-11-14,22.8,23.49,22.52,23.21,5882052
2018-11-15,23.06,23.35,22.63,22.92,7532040
2018-11-16,22.87,23.34,22.59,23.06,5149924
2018-11-19,23.04,24.08,22.53,23.56,6861299
2018-11-20,23.64,24.24,23.36,23.96,6950538
2018-11-21,23.96,24.81,23.77,24.62,5379091
2018-11-22,24.49,25.4,24.17,25.08,5122126
2018-11-23,24.97,25.49,23.65,24.15,5452253
2018-11-26,23.99,24.54,23.63,24.17,5834984
2018-11-27,23.9,24.44,22.78,23.31,7546624
2018-11-28,23.39,23.87,22.94,23.41,6385796
2018-11-29,23.41,23.91,22.56,23.05,5976134
2018-11-30,23.24,23.78,22.69,23.23,5368026
2018-12-03,23.31,23.65,22.93,23.27,5480727
2018-12-04,23.34,24.07,23.04,23.75,8020569
2018-12-05,23.65,24.07,22.77,23.18,5188068
2018-12-06,23.06,24.05,22.45,23.43,5231560
2018-12-07,23.45,23.94,21.64,22.1,10420327
2018-12-10,22.07,22.53,21.84,22.29,5266615
2018-12-11,22.18,22.66,21.76,22.24,7373078
2018-12-12,22.24,22.64,21.87,22.28,6334179
2018-12-13,22.26,22.56,21.9,22.2,7736020
2018-12-14,22.44,22.99,21.89,22.44,5469680
2018-12-17,22.55,23.02,21.28,21.73,7490588
2018-12-18,21.49,21.83,20.69,21.02,6559302
2018-12-19,21.07,21.25,20.8,20.98,5727611
2018-12-20,21.02,21.63,20.81,21.42,5067659
2018-12-21,21.35,22.01,20.84,21.5,8092975
2018-12-24,21.43,21.8,19.47,19.81,8316697
2018-12-25,19.57,20.03,18.03,18.46,9752260
2018-12-26,18.41,18.9,18.06,18.55,5444267
2018-12-27,18.61,19.3,18.34,19.02,6370835
2018-12-28,18.99,20.37,18.5,19.86,9011115
2018-12-31,19.77,20.07,19.41,19.72,5952173
2019-01-01,19.96,20.42,19.1,19.56,5142291
2019-01-02,19.49,20.03,19.14,19.67,5563507
2019-01-03,19.67,19.97,19.35,19.65,7098684
2019-01-04,19.67,20.07,19.0,19.4,6207786
2019-01-07,19.5,19.86,18.73,19.08,5682337
2019-01-08,18.88,19.87,18.38,19.36,6856241
2019-01-09,19.18,19.64,18.54,18.99,5974612
2019-01-10,18.82,19.83,18.51,19.51,5843148
2019-01-11,19.55,19.82,19.17,19.44,5471610
2019-01-14,19.31,19.62,18.61,18.91,6645325
2019-01-15,18.93,19.27,18.15,18.49,7388000
2019-01-16,18.52,18.83,17.97,18.27,5597749
2019-01-17,18.4,18.68,18.16,18.43,5501509
2019-01-18,18.31,19.05,17.9,18.63,5506947
2019-01-21,18.57,19.07,18.23,18.73,7678606
2019-01-22,18.86,19.65,18.4,19.18,5208420
2019-01-23,19.14,19.68,18.81,19.35,5271373
2019-01-24,19.39,20.18,19.02,19.8,5743740
2019-01-25,19.78,20.66,19.43,20.31,5851783
2019-01-28,20.28,21.37,19.94,21.01,5458395
2019-01-29,21.0,22.39,20.49,21.86,6454186
2019-01-30,21.85,22.23,20.94,21.31,6311117
2019-01-31,21.11,22.06,20.7,21.64,6943289
2019-02-01,21.67,23.41,21.17,22.89,8395861
2019-02-04,22.86,23.35,22.2,22.68,5188609
2019-02-05,22.63,22.89,21.05,21.29,10092993
2019-02-06,21.24,21.59,20.36,20.71,6524984
2019-02-07,20.68,21.83,20.37,21.51,5261808
2019-02-08,21.58,22.2,21.2,21.81,6085603
2019-02-11,21.77,22.02,21.49,21.74,5077556
2019-02-12,21.6,22.13,19.62,20.11,11001318
2019-02-13,20.02,20.27,19.39,19.62,7011806
2019-02-14,19.81,20.07,18.8,19.06,5318601
2019-02-15,18.93,19.41,18.58,19.06,5031008
2019-02-18,19.2,19.7,18.34,18.84,7054620
2019-02-19,18.77,19.12,18.31,18.66,7115307
2019-02-20,18.66,19.13,18.27,18.74,5308048
2019-02-21,18.84,19.08,18.32,18.56,7602869
2019-02-22,18.46,18.94,17.82,18.3,6234932
2019-02-25,18.27,18.37,17.48,17.56,5537110
2019-02-26,17.56,17.69,16.05,16.17,8558701
2019-02-27,16.11,17.04,15.76,16.68,7999406
2019-02-28,16.53,18.06,16.32,17.83,8948586
2019-03-01,17.83,18.15,17.26,17.57,6547539
2019-03-04,17.45,18.27,17.07,17.88,6575911
2019-03-05,17.96,18.29,17.37,17.7,5789878
2019-03-06,17.8,18.08,17.29,17.56,6378467
2019-03-07,17.69,17.97,17.42,17.7,6506904
2019-03-08,17.74,18.39,17.55,18.19,6654727
2019-03-11,18.3,18.59,17.96,18.25,6228704
2019-03-12,18.28,19.34,17.99,19.04,7416381
2019-03-13,19.16,19.54,18.86,19.24,5087285
2019-03-14,19.08,19.38,18.68,18.99,6924066
2019-03-15,19.06,19.31,18.7,18.95,5883472
2019-03-18,18.97,19.91,18.63,19.57,6041429
2019-03-19,19.55,20.11,19.12,19.68,5342858
2019-03-20,19.78,20.13,18.98,19.33,6640318
2019-03-21,19.27,20.31,18.91,19.94,6763636
2019-03-22,20.09,20.41,19.81,20.13,7172995
2019-03-25,20.2,21.81,19.87,21.46,8505011
2019-03-26,21.54,22.2,20.99,21.65,5577911
2019-03-27,21.65,22.12,21.25,21.72,5673227
2019-03-28,21.54,22.33,21.15,21.93,6033074
2019-03-29,21.98,23.42,21.57,22.98,9643103
2019-04-01,23.14,23.57,22.85,23.27,6095715
2019-04-02,23.38,23.88,23.07,23.57,5699618
2019-04-03,23.66,24.32,22.15,22.78,5047912
2019-04-04,22.87,23.31,21.93,22.36,5228496
2019-04-05,22.31,22.72,22.14,22.55,5233607
2019-04-08,22.49,22.96,21.42,21.87,6212485
2019-04-09,21.69,22.26,21.33,21.91,6142183
2019-04-10,21.87,22.38,21.46,21.98,5465535
2019-04-11,21.98,22.35,21.45,21.82,5637610
2019-04-12,21.74,22.28,21.61,22.15,7415197
2019-04-15,22.4,22.62,22.11,22.32,5300884
2019-04-16,22.4,22.93,22.03,22.55,7645354
2019-04-17,22.59,22.98,21.79,22.17,6203152
2019-04-18,22.08,22.82,21.76,22.49,6524061
2019-04-19,22.35,22.9,20.81,21.34,8584718
2019-04-22,21.5,21.81,20.66,20.96,5691433
2019-04-23,21.0,22.45,20.56,21.99,8412511
2019-04-24,21.97,22.33,21.1,21.44,5494073
2019-04-25,21.56,22.9,21.26,22.58,11214218
2019-04-26,22.63,23.38,22.18,22.92,7642168
2019-04-29,22.96,23.34,22.37,22.74,5661939
2019-04-30,22.87,23.43,22.6,23.16,6519609
2019-05-01,23.15,23.44,22.33,22.62,6917531
2019-05-02,22.56,24.31,22.2,23.93,10305488
2019-05-03,23.93,24.43,23.35,23.85,5830172
2019-05-06,23.83,25.04,23.42,24.61,5171256
2019-05-07,24.48,25.08,24.12,24.72,5546583
2019-05-08,24.75,25.92,24.32,25.48,5095936
2019-05-09,25.51,25.75,24.81,25.05,5474884
2019-05-10,25.14,25.46,23.77,24.08,5071397
2019-05-13,24.09,25.07,23.65,24.62,6093387
2019-05-14,24.93,25.67,24.57,25.31,6009327
2019-05-15,25.05,25.57,23.94,24.45,6354434
2019-05-16,24.47,24.81,23.34,23.66,5596699
2019-05-17,23.54,24.53,23.12,24.11,5951715
2019-05-20,23.99,24.46,23.19,23.66,5092176
2019-05-21,23.65,23.93,23.23,23.51,6868995
2019-05-22,23.91,24.18,22.85,23.12,6355921
2019-05-23,22.97,23.14,22.35,22.53,6862993
2019-05-24,22.94,23.43,22.52,23.0,5360667
2019-05-27,22.92,23.27,22.62,22.97,7211697
2019-05-28,22.9,23.48,22.44,23.01,5330134
2019-05-29,23.01,23.32,22.64,22.94,6013685
2019-05-30,23.08,23.37,22.08,22.36,6594336
2019-05-31,22.3,22.7,21.47,21.87,7519055
2019-06-03,21.92,22.34,21.3,21.71,5828892
2019-06-04,21.71,22.07,20.94,21.29,5049023
2019-06-05,21.26,22.29,20.95,21.98,6529297
2019-06-06,22.1,23.28,21.9,23.07,8629304
2019-06-07,23.1,23.52,22.37,22.79,6314711
2019-06-10,22.75,23.15,21.78,22.17,6230770
2019-06-11,22.23,22.6,21.87,22.24,7993614
2019-06-12,22.26,23.45,21.88,23.06,7747386
2019-06-13,23.12,23.53,22.77,23.18,5994517
2019-06-14,23.34,23.58,22.89,23.13,6009549
2019-06-17,23.4,23.92,23.08,23.59,5982111
2019-06-18,23.57,24.64,23.26,24.33,6507807
2019-06-19,24.41,24.68,24.15,24.43,6396244
2019-06-20,24.2,24.56,23.35,23.7,5291082
2019-06-21,23.63,25.08,23.32,24.76,9040640
2019-06-24,24.87,25.2,24.58,24.91,7763280
2019-06-25,24.98,25.74,24.45,25.2,7098029
2019-06-26,25.31,26.96,25.03,26.67,8689130
2019-06-27,26.5,27.13,25.73,26.36,6039635
2019-06-28,26.2,27.43,25.71,26.92,7216065
2019-07-01,26.85,27.38,26.24,26.77,5449520
2019-07-02,26.57,27.17,26.16,26.75,5378526
2019-07-03,26.54,26.8,24.96,25.21,8195901
2019-07-04,25.05,26.52,24.53,25.98,6379904
2019-07-05,26.0,27.55,25.72,27.26,8727476
2019-07-08,27.48,29.13,27.2,28.84,8216852
2019-07-09,28.92,29.46,27.56,28.08,5968284
2019-07-10,28.1,29.16,27.53,28.58,7560738
2019-07-11,28.45,29.52,28.07,29.12,5400833
2019-07-12,29.24,29.41,28.13,28.29,5851876
2019-07-15,27.97,29.07,27.54,28.62,7205737
2019-07-16,28.53,28.94,28.2,28.61,5192055
2019-07-17,28.62,28.94,27.78,28.09,6631777
2019-07-18,27.87,28.67,27.23,28.02,6970307
2019-07-19,28.1,29.96,27.59,29.42,12138026
2019-07-22,29.4,30.29,29.17,30.06,5019906
2019-07-23,30.04,31.81,29.57,31.32,9696879
2019-07-24,31.24,32.3,30.61,31.67,6753148
2019-07-25,31.57,32.33,30.85,31.61,7575970
2019-07-26,31.91,33.43,31.53,33.04,6163305
2019-07-29,33.11,34.63,32.39,33.89,5486831
2019-07-30,33.78,34.33,32.08,32.61,5649713
2019-07-31,32.95,33.95,32.63,33.62,5246591
2019-08-01,33.59,34.39,32.01,32.79,6174978
2019-08-02,32.87,33.35,32.67,33.15,6620061
2019-08-05,33.07,33.55,32.68,33.16,5163732
2019-08-06,33.12,34.31,32.45,33.63,6490896
2019-08-07,33.59,35.39,32.87,34.64,7334854
2019-08-08,34.79,35.4,33.62,34.21,6175388
2019-08-09,34.26,35.8,33.85,35.38,5910248
2019-08-12,35.6,35.84,34.94,35.18,6120128
2019-08-13,34.95,35.61,32.21,32.82,9529487
2019-08-14,32.48,33.37,31.67,32.56,6185650
2019-08-15,32.68,33.09,31.3,31.69,6792311
2019-08-16,31.73,32.23,31.35,31.86,9179333
2019-08-19,31.86,32.64,31.41,32.18,7361883
2019-08-20,32.3,33.03,31.75,32.48,6328666
2019-08-21,32.38,33.41,31.71,32.73,5355357
2019-08-22,32.56,33.64,32.18,33.25,5862248
2019-08-23,32.89,33.31,32.36,32.78,5344272
2019-08-26,33.14,33.61,31.64,32.09,5718441
2019-08-27,31.65,32.11,30.61,31.06,7977335
2019-08-28,30.82,31.25,28.96,29.37,8950109
2019-08-29,29.17,30.08,28.53,29.43,6788658
2019-08-30,29.56,30.11,28.86,29.41,5117764
2019-09-02,29.36,30.31,28.87,29.8,5696020
2019-09-03,29.75,30.14,29.22,29.61,5373289
2019-09-04,29.62,31.57,28.96,30.89,8062223
2019-09-05,30.82,31.51,30.42,31.1,6416216
2019-09-06,31.22,31.91,30.41,31.09,6712225
2019-09-09,30.93,31.32,30.45,30.83,5688550
2019-09-10,30.54,33.24,30.08,32.75,10095033
2019-09-11,32.5,33.94,31.83,33.26,5387671
2019-09-12,33.28,35.89,32.73,35.3,8293216
2019-09-13,35.44,37.56,34.79,36.89,5063973
2019-09-16,36.85,37.57,35.37,36.08,5199752
2019-09-17,36.07,36.69,34.7,35.31,6743060
2019-09-18,35.35,36.21,35.06,35.91,5138175
2019-09-19,35.78,36.4,34.1,34.7,6688558
2019-09-20,34.41,34.94,33.39,33.9,6442813
2019-09-23,34.0,34.44,33.5,33.95,6104733
2019-09-24,33.9,34.31,32.18,32.58,8215860
2019-09-25,32.74,33.47,31.16,31.86,5196402
2019-09-26,31.73,32.29,31.03,31.59,6164482
2019-09-27,31.65,32.29,30.38,31.0,6522352
2019-09-30,31.01,31.88,30.7,31.56,6716378
2019-10-01,31.22,32.13,30.48,31.38,5950757
2019-10-02,31.81,32.21,31.23,31.62,5938781
2019-10-03,31.62,33.35,31.03,32.75,5182876
2019-10-04,32.74,34.1,32.04,33.39,6872635
2019-10-07,33.61,34.82,33.32,34.52,8071638
2019-10-08,34.4,34.88,33.55,34.02,5280998
2019-10-09,33.94,35.18,33.34,34.57,6558660
2019-10-10,34.52,35.31,33.1,33.88,5246896
2019-10-11,33.97,35.52,33.55,35.09,5059953
2019-10-14,34.93,36.38,34.46,35.9,6463282
2019-10-15,35.95,37.26,35.47,36.78,6626800
2019-10-16,36.36,36.81,35.13,35.57,7152526
2019-10-17,35.32,35.75,34.24,34.66,7140122
2019-10-18,34.91,35.26,33.44,33.78,5027289
2019-10-21,33.78,36.25,33.4,35.84,11721033
2019-10-22,35.99,37.35,35.41,36.76,7033127
2019-10-23,36.92,37.45,36.42,36.95,5580486
2019-10-24,37.03,37.46,36.06,36.49,5276817
2019-10-25,36.82,39.36,36.44,38.97,11662729
2019-10-28,38.84,39.87,38.12,39.15,5301588
2019-10-29,39.11,40.97,38.67,40.51,5540748
2019-10-30,40.64,42.46,39.83,41.63,5389410
2019-10-31,41.55,42.4,40.47,41.31,5234375
2019-11-01,41.3,42.2,40.73,41.63,6142716
2019-11-04,41.73,43.37,40.88,42.51,6213675
2019-11-05,42.54,43.82,41.87,43.14,5899228
2019-11-06,43.28,44.02,42.96,43.7,6080769
2019-11-07,43.74,44.41,41.93,42.58,5918368
2019-11-08,42.3,44.17,41.64,43.49,5408458
2019-11-11,43.65,44.34,42.92,43.61,5023250
2019-11-12,43.79,48.11,42.99,47.26,10943469
2019-11-13,47.49,50.82,46.52,49.8,8571231
2019-11-14,49.88,51.2,49.11,50.42,6543005
2019-11-15,50.0,52.52,48.93,51.42,5906031
2019-11-18,51.14,52.07,50.5,51.42,5732588
2019-11-19,51.46,52.76,50.49,51.78,6754620
2019-11-20,52.1,52.99,48.08,48.92,9479068
2019-11-21,48.73,51.06,47.88,50.19,6136148
2019-11-22,49.89,51.66,49.58,51.34,5390087
2019-11-25,51.2,52.11,50.27,51.18,5139703
2019-11-26,51.09,52.01,49.62,50.54,5492060
2019-11-27,50.75,51.47,48.64,49.34,7456020
2019-11-28,49.63,50.98,48.88,50.22,6492208
2019-11-29,50.18,51.9,49.4,51.1,5568870
2019-12-02,51.27,53.1,50.4,52.21,5838098
2019-12-03,52.33,53.27,50.33,51.24,5684309
2019-12-04,51.36,52.3,50.72,51.66,5676687
2019-12-05,51.64,52.64,49.29,50.26,6219631
2019-12-06,50.4,51.09,49.43,50.12,5204760
2019-12-09,50.19,51.92,49.56,51.28,6148796
2019-12-10,51.39,53.83,50.58,52.99,5160319
2019-12-11,52.81,54.85,51.96,53.99,7689184
2019-12-12,53.69,54.29,52.57,53.17,5116451
2019-12-13,53.17,55.91,52.23,54.94,5246975
2019-12-16,55.37,57.66,54.26,56.53,5746830
2019-12-17,56.22,58.97,55.05,57.78,8476444
2019-12-18,58.21,58.97,55.66,56.4,5455427
2019-12-19,56.18,56.92,55.18,55.91,5979949
2019-12-20,55.82,56.51,52.76,53.42,13607413
2019-12-23,53.19,55.14,52.42,54.35,5080057
2019-12-24,54.44,55.4,52.41,53.34,5530311
2019-12-25,53.33,54.15,52.22,53.04,6393014
2019-12-26,53.53,54.47,52.45,53.38,6923976
2019-12-27,52.94,53.67,51.32,52.04,5346300
2019-12-30,52.06,53.61,51.14,52.68,8006971
2019-12-31,52.91,53.33,52.0,52.42,5067619
2020-01-01,52.65,55.24,51.72,54.27,6298302
2020-01-02,54.45,55.49,52.63,53.66,5115164
2020-01-03,53.92,54.8,53.11,53.99,6296885
2020-01-06,54.31,55.2,52.85,53.72,5077520
2020-01-07,53.14,55.65,51.97,54.46,6640360
2020-01-08,54.79,55.33,54.07,54.61,5630492
2020-01-09,55.04,58.23,53.48,56.63,5245837
2020-01-10,56.74,57.76,55.61,56.62,6160596
2020-01-13,56.2,56.73,54.95,55.47,5675731
2020-01-14,54.89,57.1,53.69,55.88,5943347
2020-01-15,55.74,56.16,53.65,54.06,5843766
2020-01-16,53.99,55.05,51.47,52.5,5860148
2020-01-17,52.53,53.14,51.47,52.09,5995327
2020-01-20,51.32,52.18,50.16,51.01,6022697
2020-01-21,50.9,51.93,49.86,50.88,5454766
2020-01-22,51.29,52.32,48.48,49.47,5687299
2020-01-23,49.29,50.1,48.52,49.33,5536175
2020-01-24,48.85,49.41,44.49,45.0,10263813
2020-01-27,45.06,47.57,44.2,46.68,7048672
2020-01-28,46.6,47.58,46.15,47.12,7544668
2020-01-29,47.47,47.69,46.28,46.49,5474737
2020-01-30,46.65,48.16,46.1,47.6,6409858
2020-01-31,48.13,48.88,45.35,46.06,9740485
2020-02-03,46.08,47.08,45.31,46.31,6965849
2020-02-04,45.97,46.85,44.83,45.71,5275216
2020-02-05,45.29,45.83,43.58,44.1,7002597
2020-02-06,44.56,46.54,43.9,45.85,6351161
2020-02-07,45.89,46.56,43.53,44.17,6556072
2020-02-10,44.44,44.9,43.59,44.04,6885514
2020-02-11,44.2,45.3,43.55,44.64,5983000
2020-02-12,44.82,45.62,42.79,43.56,7313232
2020-02-13,43.81,44.61,42.2,42.98,5882056
2020-02-14,43.22,44.55,42.29,43.61,5856036
2020-02-17,43.35,44.37,41.21,42.2,6052373
2020-02-18,41.78,42.54,39.62,40.35,6456750
2020-02-19,40.64,41.44,38.4,39.17,7110722
2020-02-20,38.72,39.83,38.11,39.21,6453993
2020-02-21,38.93,40.64,38.18,39.88,5283532
2020-02-24,39.86,40.54,36.9,37.55,9503482
2020-02-25,37.43,38.4,36.61,37.58,6933270
2020-02-26,37.33,38.75,37.22,38.63,5327326
2020-02-27,38.39,39.27,37.07,37.94,7079770
2020-02-28,37.84,38.54,34.94,35.61,11811117
2020-03-02,35.87,36.35,34.67,35.14,5661013
2020-03-03,35.19,35.54,33.43,33.76,5263873
2020-03-04,33.64,34.65,32.97,33.97,5054126
2020-03-05,33.93,34.32,31.71,32.07,10096961
2020-03-06,32.14,32.95,31.57,32.37,6710618
2020-03-09,32.35,34.1,31.67,33.39,6633799
2020-03-10,33.25,33.69,32.76,33.2,8201384
2020-03-11,32.97,33.18,32.65,32.85,5676246
2020-03-12,32.68,33.17,31.63,32.11,6481952
2020-03-13,32.12,32.54,31.05,31.46,5233436
2020-03-16,31.56,32.39,31.01,31.83,5965156
2020-03-17,31.62,32.22,29.36,29.93,10425822
2020-03-18,29.98,31.83,29.46,31.28,10606353
2020-03-19,31.35,32.62,30.71,31.98,5422100
2020-03-20,32.25,32.88,31.13,31.76,5969597
2020-03-23,31.68,32.48,31.04,31.84,6683590
2020-03-24,31.8,33.41,31.46,33.05,5140135
2020-03-25,32.96,34.54,32.28,33.85,5357373
2020-03-26,33.7,34.53,33.4,34.22,6030269
2020-03-27,34.13,34.67,33.46,34.0,6327417
2020-03-30,34.16,34.54,33.5,33.88,5336887
2020-03-31,33.64,35.21,33.04,34.59,5371466
2020-04-01,34.52,35.56,33.99,35.02,6027671
2020-04-02,34.79,35.68,33.08,33.94,5486269
2020-04-03,33.89,34.69,32.01,32.78,5753925
2020-04-06,32.79,33.1,31.82,32.12,6468859
2020-04-07,32.05,34.62,31.69,34.24,12299543
2020-04-08,34.38,35.28,33.77,34.66,5647843
2020-04-09,34.61,35.59,33.92,34.9,5547605
2020-04-10,34.6,36.05,34.05,35.48,6138888
2020-04-13,35.25,36.53,34.42,35.69,7335901
2020-04-14,35.84,38.78,35.07,37.96,11623237
2020-04-15,38.07,38.9,37.14,37.97,5936564
2020-04-16,37.84,38.6,36.26,37.0,5795378
2020-04-17,37.03,37.7,35.9,36.56,7866726
2020-04-20,36.71,36.84,36.16,36.3,5604875
2020-04-21,36.21,36.94,34.39,35.1,5057006
2020-04-22,35.35,35.81,34.26,34.71,5356289
2020-04-23,35.0,37.51,34.34,36.81,9251984
2020-04-24,36.47,37.22,35.86,36.6,6927346
2020-04-27,36.38,37.54,35.53,36.68,6849214
2020-04-28,37.08,39.69,36.48,39.05,8815983
2020-04-29,39.27,39.73,37.67,38.11,7527127
2020-04-30,38.02,38.54,35.99,36.48,6517378
2020-05-01,36.38,38.61,35.88,38.09,13254027
2020-05-04,38.14,39.84,37.38,39.06,6985090
2020-05-05,39.22,40.08,38.49,39.35,7751724
2020-05-06,39.28,40.25,38.48,39.45,5582706
2020-05-07,39.67,40.61,39.06,39.99,6564873
2020-05-08,40.07,40.82,37.58,38.3,8997602
2020-05-11,38.2,38.98,36.75,37.51,6610126
2020-05-12,37.9,40.61,37.37,40.05,8926955
2020-05-13,39.78,41.5,38.95,40.65,5999940
2020-05-14,40.63,42.95,39.99,42.27,5302172
2020-05-15,41.94,42.72,40.93,41.7,5180958
2020-05-18,42.15,43.94,41.7,43.48,6014434
2020-05-19,43.57,44.14,40.58,41.12,9417217
2020-05-20,41.19,41.87,39.02,39.67,5822601
2020-05-21,39.04,39.58,36.28,36.79,10790232
2020-05-22,36.81,37.92,36.3,37.4,5276356
2020-05-25,37.37,38.97,36.48,38.06,5751768
2020-05-26,38.17,39.25,37.61,38.68,6085020
2020-05-27,38.51,39.23,37.04,37.75,6849324
2020-05-28,37.47,38.72,36.76,38.01,6948843
2020-05-29,38.15,39.76,37.61,39.21,5750337
2020-06-01,39.02,41.45,38.32,40.73,8407424
2020-06-02,41.18,41.87,38.97,39.63,5497039
2020-06-03,39.43,41.6,38.63,40.77,6220294
2020-06-04,40.88,41.39,38.86,39.34,6956013
2020-06-05,39.26,39.86,37.25,37.83,5839203
2020-06-08,37.56,38.72,36.8,37.96,7253171
2020-06-09,37.72,39.38,37.0,38.64,5686692
2020-06-10,38.44,39.05,35.66,36.24,9087523
2020-06-11,36.25,37.14,35.4,36.28,6297708
2020-06-12,36.21,38.08,35.8,37.66,6109753
2020-06-15,37.76,38.62,37.04,37.9,6141918
2020-06-16,38.28,40.34,37.51,39.54,7283889
2020-06-17,39.59,41.46,38.87,40.72,5512600
2020-06-18,40.54,41.14,38.91,39.49,6134287
2020-06-19,39.31,40.12,37.51,38.3,5343726
2020-06-22,38.43,39.25,36.98,37.79,5786006
2020-06-23,37.9,38.4,34.94,35.4,8991213
2020-06-24,35.68,36.15,33.61,34.06,10709314
2020-06-25,34.18,35.74,33.39,34.93,5580247
2020-06-26,34.63,35.29,31.12,31.73,8303597
2020-06-29,31.8,32.36,31.46,32.02,7441297
2020-06-30,32.05,32.77,31.57,32.28,5699230
2020-07-01,32.39,33.81,31.68,33.09,6660724
2020-07-02,33.0,34.07,32.42,33.48,5970890
2020-07-03,33.45,34.22,32.63,33.39,7049152
2020-07-06,33.1,34.81,32.85,34.56,11295233
2020-07-07,34.57,35.14,33.58,34.14,7435008
2020-07-08,34.15,35.21,33.59,34.64,7657290
2020-07-09,34.49,35.06,33.93,34.5,6468347
2020-07-10,34.16,35.2,33.65,34.68,5055667
2020-07-13,34.41,35.1,33.88,34.57,7020263
2020-07-14,34.36,34.75,33.02,33.4,5929062
2020-07-15,33.08,33.47,31.38,31.76,5624680
2020-07-16,31.77,31.99,31.25,31.47,5696070
2020-07-17,31.31,32.51,30.78,31.96,5297474
2020-07-20,31.87,32.33,31.08,31.53,7062836
2020-07-21,31.57,33.64,31.16,33.21,12398955
2020-07-22,33.26,33.69,32.57,33.0,7376342
2020-07-23,32.7,32.91,32.52,32.73,5136499
2020-07-24,32.93,33.6,32.03,32.7,5204334
2020-07-27,32.85,33.84,32.2,33.18,5989626
2020-07-28,32.67,34.13,32.23,33.67,5524574
2020-07-29,34.27,36.08,33.96,35.75,9439680
2020-07-30,35.43,35.9,34.99,35.45,5597557
2020-07-31,35.69,36.93,34.94,36.18,6072228
2020-08-03,35.94,36.91,35.3,36.27,6277909
2020-08-04,36.55,37.85,35.8,37.09,7296370
2020-08-05,37.02,37.97,35.04,35.97,5388996
2020-08-06,35.91,36.63,35.16,35.88,7595270
2020-08-07,36.24,36.84,34.3,34.88,6003847
2020-08-10,34.84,35.35,33.04,33.52,5254912
2020-08-11,33.62,34.94,33.17,34.48,5427125
2020-08-12,34.54,35.65,33.98,35.08,7193974
2020-08-13,34.91,35.65,33.99,34.73,8677722
2020-08-14,34.73,35.34,34.19,34.8,5019955
2020-08-17,34.64,35.37,31.92,32.61,9666663
2020-08-18,32.4,32.96,31.17,31.72,6364112
2020-08-19,31.53,32.0,31.25,31.72,5062732
2020-08-20,31.87,32.41,30.04,30.55,8257726
2020-08-21,30.21,31.28,29.84,30.91,6494347
2020-08-24,30.71,31.68,30.22,31.19,6127455
2020-08-25,31.52,32.82,31.13,32.41,5629839
2020-08-26,32.74,33.88,32.2,33.33,5344353
2020-08-27,33.39,33.87,32.74,33.22,6778058
2020-08-28,33.49,34.61,32.75,33.86,6477933
2020-08-31,33.82,34.59,33.43,34.2,5937741
2020-09-01,34.44,35.28,32.81,33.64,5360362
2020-09-02,33.72,34.13,32.45,32.85,6505047
2020-09-03,32.79,34.16,32.21,33.56,5097479
2020-09-04,33.95,34.72,33.33,34.09,5430856
2020-09-07,34.29,34.75,33.76,34.22,7574000
2020-09-08,34.01,34.84,33.42,34.24,5097586
2020-09-09,33.86,34.45,32.77,33.35,5764984
2020-09-10,33.18,33.75,31.82,32.39,5440858
2020-09-11,32.51,34.32,32.19,33.99,8514583
2020-09-14,33.67,34.03,33.07,33.42,7214505
2020-09-15,33.15,33.76,31.84,32.44,5987666
2020-09-16,32.7,34.4,32.09,33.77,5356335
2020-09-17,33.31,33.62,32.98,33.29,6094595
2020-09-18,33.29,33.95,30.93,31.56,8818488
2020-09-21,31.46,32.34,30.88,31.76,5039235
2020-09-22,31.79,33.05,31.6,32.86,7169920
2020-09-23,32.93,34.41,32.37,33.83,7427981
2020-09-24,33.76,34.32,32.55,33.1,5285178
2020-09-25,32.89,33.82,32.39,33.32,5016115
2020-09-28,33.16,33.93,32.16,32.92,5661351
2020-09-29,32.55,33.2,31.0,31.63,6195800
2020-09-30,31.89,32.47,30.83,31.4,5088882
2020-10-01,31.46,33.03,30.9,32.45,5086559
2020-10-02,32.3,32.57,31.33,31.59,5832062
2020-10-05,31.87,32.87,31.4,32.39,6874854
2020-10-06,32.65,33.19,32.1,32.64,6103914
2020-10-07,32.48,32.82,31.68,32.02,5082055
2020-10-08,31.98,33.75,31.4,33.14,6276548
2020-10-09,33.37,33.7,32.97,33.31,5385099
2020-10-12,33.55,34.79,32.92,34.15,5548666
2020-10-13,34.06,34.74,33.39,34.07,5054955
2020-10-14,34.27,35.01,32.0,32.71,8499235
2020-10-15,32.67,33.12,28.68,29.08,8640898
2020-10-16,28.79,31.18,28.21,30.56,8419044
2020-10-19,30.7,31.27,29.44,29.99,5428226
2020-10-20,30.07,30.37,28.2,28.49,8284592
2020-10-21,28.25,28.63,25.75,26.1,11466619
2020-10-22,25.94,26.36,24.53,24.94,6247100
2020-10-23,25.09,25.57,24.64,25.11,5544715
2020-10-26,25.16,25.41,24.73,24.98,8217565
2020-10-27,25.01,26.25,24.48,25.71,5544722
2020-10-28,25.68,26.23,24.57,25.11,6286285
2020-10-29,25.0,25.35,24.57,24.92,5096923
2020-10-30,24.66,25.04,23.34,23.71,6514350
2020-11-02,23.76,24.07,22.29,22.59,10157776
2020-11-03,22.53,23.09,22.28,22.84,7022659
2020-11-04,22.87,23.07,22.3,22.5,6902634
2020-11-05,22.53,22.8,22.25,22.52,6221357
2020-11-06,22.48,22.91,21.89,22.31,7171004
2020-11-09,22.2,22.54,21.21,21.53,6177518
2020-11-10,21.79,22.18,20.36,20.74,9416362
2020-11-11,20.75,20.96,19.65,19.84,11177963
2020-11-12,19.83,20.24,19.49,19.9,6428461
2020-11-13,20.03,20.35,19.87,20.18,8842711
2020-11-16,20.16,20.25,19.95,20.04,6169529
2020-11-17,19.88,20.26,19.52,19.9,5835973
2020-11-18,19.81,20.82,19.37,20.38,5734100
2020-11-19,20.4,21.02,19.99,20.6,5477934
2020-11-20,20.79,21.92,20.42,21.53,6914765
2020-11-23,21.47,21.72,20.54,20.78,5526221
2020-11-24,20.47,20.76,19.33,19.61,11903174
2020-11-25,19.46,19.63,18.51,18.67,7486403
2020-11-26,18.86,20.17,18.43,19.72,8150953
2020-11-27,19.82,20.25,18.59,19.0,5261548
2020-11-30,19.0,19.23,18.51,18.74,5032391
2020-12-01,18.79,19.13,18.05,18.38,6748655
2020-12-02,18.3,18.92,17.93,18.55,6039068
2020-12-03,18.5,19.0,16.8,17.27,11411604
2020-12-04,17.23,17.59,16.79,17.15,6691436
2020-12-07,17.14,17.48,16.67,17.01,5703925
2020-12-08,16.96,17.38,16.3,16.71,5475016
2020-12-09,16.7,17.07,16.11,16.47,5679720
2020-12-10,16.52,16.79,16.11,16.37,7366364
2020-12-11,16.38,16.69,16.07,16.37,5422903
2020-12-14,16.36,16.68,15.88,16.2,5076016
2020-12-15,16.21,16.53,15.59,15.91,6046273
2020-12-16,15.64,15.99,15.43,15.78,6447463
2020-12-17,15.77,16.16,14.76,15.13,6008530
2020-12-18,15.11,15.34,14.08,14.3,8479084
2020-12-21,14.44,14.66,13.78,13.99,6759542
2020-12-22,13.98,14.08,13.91,14.0,5975326
2020-12-23,14.03,14.22,13.54,13.73,6116536
2020-12-24,13.69,13.91,13.38,13.59,5837895
2020-12-25,13.66,13.92,13.15,13.4,6039371
2020-12-28,13.4,13.73,12.88,13.2,6890806
2020-12-29,13.22,13.4,12.61,12.79,5195106
2020-12-30,12.77,13.0,12.19,12.41,5195445
2020-12-31,12.41,12.66,11.92,12.16,5062391
2021-01-01,12.15,12.31,11.58,11.74,6936400
2021-01-04,11.72,11.91,11.01,11.19,10244667
2021-01-05,11.18,11.33,10.15,10.29,8634297
2021-01-06,10.27,10.41,10.1,10.24,6855688
2021-01-07,10.24,10.72,10.0,10.48,7012817
2021-01-08,10.55,10.92,10.42,10.79,5210437
2021-01-11,10.87,11.1,10.53,10.75,5557574
2021-01-12,10.76,10.89,10.34,10.46,5382998
2021-01-13,10.44,10.58,10.27,10.4,5888387
2021-01-14,10.48,10.61,9.97,10.1,7193882
2021-01-15,10.08,10.26,9.62,9.8,5073699
2021-01-18,9.81,9.97,9.67,9.83,5332784
2021-01-19,9.8,9.9,9.47,9.57,6606741
2021-01-20,9.54,9.76,8.92,9.13,10977716
2021-01-21,9.03,9.25,8.9,9.12,5459754
2021-01-22,9.14,9.18,9.14,9.18,6518294
2021-01-25,9.16,9.84,9.0,9.67,9357534
2021-01-26,9.63,9.78,9.17,9.31,6966880
2021-01-27,9.24,9.29,8.76,8.82,8597093
2021-01-28,8.84,9.07,8.65,8.88,7180430
2021-01-29,8.8,8.94,8.31,8.44,7171098
2021-02-01,8.37,8.45,8.08,8.15,5801674
2021-02-02,8.1,8.45,7.89,8.24,5427448
2021-02-03,8.17,8.3,7.94,8.08,6813495
2021-02-04,8.14,8.31,8.05,8.22,5474295
2021-02-05,8.24,8.31,7.88,7.94,6122192
2021-02-08,7.93,8.11,7.54,7.72,6604908
2021-02-09,7.82,7.92,7.6,7.7,5438986
2021-02-10,7.69,7.76,7.57,7.63,6121901
2021-02-11,7.63,7.71,7.58,7.65,6185211
2021-02-12,7.63,7.92,7.53,7.81,5208480
2021-02-15,7.76,7.91,7.59,7.74,7365197
2021-02-16,7.74,7.88,7.3,7.44,7511704
2021-02-17,7.4,7.56,6.84,6.98,10440753
2021-02-18,7.02,7.13,6.7,6.82,5227920
2021-02-19,6.81,6.95,6.68,6.83,6104831
2021-02-22,6.79,6.97,6.67,6.85,6417356
2021-02-23,6.87,7.06,6.85,7.04,6929785
2021-02-24,6.98,7.34,6.84,7.19,6536309
2021-02-25,7.2,7.28,7.11,7.19,5548519
2021-02-26,7.24,7.56,7.11,7.43,5409719
2021-03-01,7.43,7.53,7.19,7.28,7219270
2021-03-02,7.32,7.46,7.22,7.36,5817759
2021-03-03,7.3,7.39,7.07,7.16,5533291
2021-03-04,7.12,7.16,6.93,6.96,5661775
2021-03-05,6.94,7.24,6.85,7.14,5361074
2021-03-08,7.12,7.43,7.0,7.3,6604102
2021-03-09,7.27,7.61,7.16,7.49,6252736
2021-03-10,7.44,7.64,7.32,7.52,6309501
2021-03-11,7.46,7.57,7.06,7.17,7843518
2021-03-12,7.23,7.49,7.12,7.37,6612721
2021-03-15,7.33,7.71,7.17,7.54,6906131
2021-03-16,7.55,7.68,7.33,7.46,7702407
2021-03-17,7.44,7.74,7.3,7.59,5143677
2021-03-18,7.58,7.91,7.47,7.79,5635785
2021-03-19,7.82,7.97,7.49,7.64,5547275
2021-03-22,7.65,8.12,7.5,7.96,5152279
2021-03-23,7.94,8.24,7.82,8.12,5427192
2021-03-24,8.11,8.25,7.81,7.95,5343055
2021-03-25,7.95,8.15,7.77,7.98,7129156
2021-03-26,8.03,8.43,7.88,8.27,6355801
2021-03-29,8.22,8.33,7.9,8.01,6116478
2021-03-30,7.91,8.27,7.7,8.05,5482870
2021-03-31,8.09,8.18,7.52,7.6,9236878
2021-04-01,7.63,7.77,7.48,7.62,7102574
2021-04-02,7.69,7.94,7.51,7.76,9107763
2021-04-05,7.78,7.93,7.3,7.45,9792465
2021-04-06,7.43,7.85,7.31,7.72,6826066
2021-04-07,7.77,8.39,7.64,8.25,8236975
2021-04-08,8.29,8.43,7.97,8.1,5523808
2021-04-09,8.16,8.41,8.03,8.28,9728968
2021-04-12,8.26,8.34,7.63,7.7,9661278
2021-04-13,7.68,8.26,7.6,8.17,11802914
2021-04-14,8.21,8.79,8.1,8.67,8160823
2021-04-15,8.68,8.93,8.59,8.84,5663174
2021-04-16,8.86,9.35,8.65,9.12,5483080
2021-04-19,9.12,9.31,9.03,9.22,6871737
2021-04-20,9.24,9.4,8.6,8.76,8596815
2021-04-21,8.8,9.18,8.62,9.0,8171280
2021-04-22,8.97,9.51,8.84,9.37,8078675
2021-04-23,9.37,9.67,9.24,9.54,6939463
2021-04-26,9.54,10.11,9.35,9.92,6898674
2021-04-27,9.91,10.07,9.49,9.64,5031131
2021-04-28,9.65,10.04,9.43,9.82,5351503
2021-04-29,9.83,10.01,9.13,9.3,8394057
2021-04-30,9.25,9.4,8.76,8.9,5867088
2021-05-03,8.86,8.98,8.46,8.58,6295416
2021-05-04,8.59,8.95,8.42,8.78,5569244
2021-05-05,8.72,8.81,8.34,8.43,6571462
2021-05-06,8.42,8.64,8.33,8.55,6896784
2021-05-07,8.56,8.95,8.33,8.72,5283420
2021-05-10,8.72,8.85,8.52,8.66,5043941
2021-05-11,8.58,8.72,8.03,8.16,8075550
2021-05-12,8.14,8.67,7.99,8.51,9096535
2021-05-13,8.52,8.91,8.41,8.8,6040290
2021-05-14,8.75,8.9,8.45,8.6,6216175
2021-05-17,8.56,8.75,8.3,8.49,5106595
2021-05-18,8.48,8.6,8.29,8.41,6010024
2021-05-19,8.36,8.68,8.2,8.51,5810382
2021-05-20,8.46,8.61,8.08,8.23,5631121
2021-05-21,8.24,8.36,7.97,8.08,5180579
2021-05-24,8.05,8.18,7.96,8.09,8422703
2021-05-25,8.15,8.35,8.01,8.21,6232990
2021-05-26,8.25,8.96,8.12,8.82,10265333
2021-05-27,8.89,9.46,8.74,9.31,9465154
2021-05-28,9.41,9.63,9.08,9.29,7356976
2021-05-31,9.35,9.96,9.14,9.74,6050668
2021-06-01,9.7,10.16,9.5,9.96,5295765
2021-06-02,9.91,10.42,9.72,10.22,6019264
2021-06-03,10.22,10.47,9.46,9.71,9874685
2021-06-04,9.69,10.14,9.59,10.04,5642711
2021-06-07,10.03,10.27,9.94,10.18,6562716
2021-06-08,10.21,10.41,9.67,9.87,5157127
2021-06-09,9.9,10.36,9.74,10.19,6834734
2021-06-10,10.16,10.34,9.45,9.61,10478764
2021-06-11,9.63,9.88,9.55,9.8,6305652
2021-06-14,9.86,10.37,9.74,10.25,6636128
2021-06-15,10.37,10.46,10.28,10.36,6498865
2021-06-16,10.42,10.59,10.25,10.42,5426208
2021-06-17,10.37,10.86,10.23,10.71,6518453
2021-06-18,10.66,11.02,10.47,10.83,8578393
2021-06-21,10.93,11.05,10.42,10.53,5287288
2021-06-22,10.63,10.88,10.47,10.73,7013952
2021-06-23,10.76,10.92,10.51,10.67,8451014
2021-06-24,10.68,10.83,10.33,10.48,6938326
2021-06-25,10.65,11.32,10.49,11.15,8959361
2021-06-28,11.26,11.68,11.06,11.48,6604536
2021-06-29,11.38,11.65,11.24,11.51,5766441
2021-06-30,11.5,11.83,11.34,11.68,5219424
2021-07-01,11.76,11.95,11.28,11.47,5009343
2021-07-02,11.57,11.68,11.47,11.58,5363341
2021-07-05,11.57,11.74,11.22,11.39,5335642
2021-07-06,11.43,11.6,11.27,11.44,6648836
2021-07-07,11.46,11.6,10.58,10.7,8655278
2021-07-08,10.64,10.81,10.37,10.54,6015924
2021-07-09,10.6,10.73,10.41,10.53,6776309
2021-07-12,10.57,10.65,10.05,10.13,6619728
2021-07-13,10.15,10.4,9.98,10.23,8307580
2021-07-14,10.27,10.49,10.08,10.3,5185085
2021-07-15,10.32,11.1,10.15,10.93,8520324
2021-07-16,10.91,11.45,10.81,11.34,7948218
2021-07-19,11.33,11.56,11.09,11.32,6901626
2021-07-20,11.24,11.55,11.14,11.44,6219271
2021-07-21,11.42,11.84,11.29,11.7,7155214
2021-07-22,11.78,11.92,11.17,11.3,5817608
2021-07-23,11.3,11.44,10.62,10.76,9865169
2021-07-26,10.69,11.17,10.49,10.96,5438395
2021-07-27,10.94,11.52,10.76,11.33,5797772
2021-07-28,11.4,11.89,11.27,11.76,5009799
2021-07-29,11.7,12.4,11.55,12.25,8709074
2021-07-30,12.24,12.75,11.97,12.48,5721527
2021-08-02,12.49,12.86,12.25,12.62,6811891
2021-08-03,12.48,12.67,11.85,12.02,5623957
2021-08-04,12.01,12.2,11.76,11.95,7524340
2021-08-05,11.99,12.51,11.66,12.17,5085546
2021-08-06,12.14,12.2,12.07,12.13,5131194
2021-08-09,11.99,12.86,11.74,12.6,10116613
2021-08-10,12.62,12.85,12.46,12.68,5156209
2021-08-11,12.66,12.81,12.14,12.29,5421111
2021-08-12,12.25,12.79,12.07,12.61,5550432
2021-08-13,12.56,12.78,12.45,12.67,6399623
2021-08-16,12.54,13.15,12.34,12.94,5759767
2021-08-17,13.0,13.08,12.6,12.68,5904902
2021-08-18,12.57,12.85,11.81,12.08,6391001
2021-08-19,12.05,12.29,11.87,12.11,7289410
2021-08-20,12.06,12.34,11.79,12.07,6035491
2021-08-23,12.19,12.29,11.95,12.05,6202471
2021-08-24,12.03,12.46,11.76,12.19,6705722
2021-08-25,12.12,12.28,11.93,12.09,6572448
2021-08-26,12.07,12.31,11.83,12.08,5743961
2021-08-27,12.04,12.5,11.92,12.37,5513095
2021-08-30,12.3,12.45,11.83,11.98,7386509
2021-08-31,11.99,12.25,11.61,11.87,5246096
2021-09-01,11.98,12.21,11.51,11.73,5926071
2021-09-02,11.78,12.24,11.6,12.05,5810068
2021-09-03,12.09,12.31,11.92,12.15,5567825
2021-09-06,12.05,12.14,12.03,12.12,5445103
2021-09-07,12.18,12.26,11.88,11.96,5529964
2021-09-08,12.0,12.27,11.84,12.11,6296071
2021-09-09,12.05,12.3,11.86,12.1,6216152
2021-09-10,12.14,12.37,11.88,12.11,5796923
2021-09-13,12.08,12.6,11.85,12.37,6317891
2021-09-14,12.36,12.84,12.1,12.57,5923642
2021-09-15,12.64,12.88,12.35,12.58,6583490
2021-09-16,12.54,12.69,12.2,12.35,6826648
2021-09-17,12.27,12.6,11.72,12.05,7978417
2021-09-20,11.92,12.16,11.49,11.72,5520493
2021-09-21,11.78,11.89,11.48,11.6,6963297
2021-09-22,11.6,11.72,11.24,11.37,5003300
2021-09-23,11.33,11.87,11.16,11.69,6302014
2021-09-24,11.72,11.92,11.42,11.62,6391348
2021-09-27,11.71,11.96,11.18,11.43,5069364
2021-09-28,11.52,11.61,11.27,11.36,5548952
2021-09-29,11.35,11.84,11.19,11.68,5839291
2021-09-30,11.65,12.34,11.52,12.21,9777087
2021-10-01,12.18,12.72,11.97,12.5,6513517
2021-10-04,12.42,12.65,12.11,12.34,6540773
2021-10-05,12.46,12.69,11.62,11.84,11266873
2021-10-06,11.96,12.11,11.81,11.97,5739597
2021-10-07,12.08,12.31,11.43,11.65,7007629
2021-10-08,11.64,11.72,11.13,11.2,5467960
2021-10-11,11.27,11.43,10.93,11.09,5591961
2021-10-12,11.11,11.29,11.02,11.2,6189605
2021-10-13,11.11,11.21,10.71,10.8,5163689
2021-10-14,10.85,10.95,10.47,10.56,5244431
2021-10-15,10.56,10.74,10.08,10.26,6138923
2021-10-18,10.28,10.72,10.03,10.46,8268772
2021-10-19,10.52,10.67,10.1,10.24,7207019
2021-10-20,10.28,10.43,9.88,10.03,5543510
2021-10-21,10.07,10.2,9.84,9.97,5951721
2021-10-22,9.95,10.37,9.83,10.24,5193508
2021-10-25,10.13,10.39,9.54,9.79,6091890
2021-10-26,9.78,9.96,9.38,9.55,5142657
2021-10-27,9.56,9.77,9.28,9.49,5531641
2021-10-28,9.45,9.61,9.22,9.38,5427500
2021-10-29,9.32,9.39,8.65,8.72,9574746
2021-11-01,8.73,9.1,8.5,8.87,5078853
2021-11-02,8.88,8.98,8.73,8.84,6074898
2021-11-03,8.87,9.23,8.73,9.08,6244444
2021-11-04,8.97,9.17,8.49,8.69,7051413
2021-11-05,8.7,8.8,8.2,8.3,8137948
2021-11-08,8.35,8.44,8.19,8.29,5579701
2021-11-09,8.29,8.4,7.96,8.07,6615058
2021-11-10,8.11,8.46,7.91,8.25,6760323
2021-11-11,8.27,8.42,7.97,8.12,5665552
2021-11-12,8.2,8.36,8.07,8.23,5730952
2021-11-15,8.28,8.43,8.05,8.2,5241128
2021-11-16,8.21,8.34,8.09,8.23,5742417
2021-11-17,8.32,8.42,8.15,8.25,6375152
2021-11-18,8.27,8.43,7.82,7.98,6379963
2021-11-19,7.92,7.97,7.47,7.52,8125986
2021-11-22,7.47,7.65,7.34,7.51,7840011
2021-11-23,7.48,7.57,6.99,7.07,9837798
2021-11-24,7.08,7.4,6.94,7.25,6226466
2021-11-25,7.28,7.45,7.2,7.37,6060199
2021-11-26,7.33,7.44,7.22,7.33,5521371
2021-11-29,7.35,7.48,7.15,7.28,5587673
2021-11-30,7.27,7.49,7.12,7.34,7377929
2021-12-01,7.26,7.38,7.0,7.11,6222078
2021-12-02,7.11,7.22,6.97,7.08,6051151
2021-12-03,7.13,7.22,6.68,6.76,9161235
2021-12-06,6.79,6.9,6.65,6.77,7505221
2021-12-07,6.78,6.92,6.53,6.66,6712324
2021-12-08,6.66,6.99,6.57,6.9,6149012
2021-12-09,6.97,7.34,6.83,7.19,5370964
2021-12-10,7.19,7.29,6.86,6.97,5103178
2021-12-13,6.9,7.08,6.4,6.57,10433578
2021-12-14,6.61,6.78,6.31,6.48,6080868
2021-12-15,6.53,6.72,6.43,6.61,5232552
2021-12-16,6.57,6.66,6.1,6.19,9332863
2021-12-17,6.19,6.4,6.09,6.3,6460231
2021-12-20,6.28,6.76,6.16,6.64,9212568
2021-12-21,6.66,6.73,6.43,6.49,5228851
2021-12-22,6.53,6.66,6.29,6.42,5201143
2021-12-23,6.37,6.53,6.26,6.41,7169628
2021-12-24,6.38,6.53,6.27,6.42,7297143
2021-12-27,6.45,6.54,6.02,6.11,12063368
2021-12-28,6.12,6.29,6.03,6.2,5498041
2021-12-29,6.22,6.41,6.1,6.29,8604374
2021-12-30,6.22,6.31,6.1,6.19,5061691
2021-12-31,6.08,6.15,5.91,5.97,6276602
2022-01-03,6.02,6.09,5.71,5.78,6413820
2022-01-04,5.81,5.96,5.54,5.69,5834660
2022-01-05,5.65,6.02,5.56,5.92,9560541
2022-01-06,5.91,5.98,5.79,5.86,5592712
2022-01-07,5.88,5.98,5.73,5.83,5142398
2022-01-10,5.9,6.2,5.8,6.09,5444197
2022-01-11,6.12,6.26,5.93,6.07,5979980
2022-01-12,6.05,6.15,5.96,6.07,5784363
2022-01-13,6.07,6.18,5.88,5.99,5332695
2022-01-14,6.0,6.12,5.74,5.85,7485648
2022-01-17,5.86,5.98,5.76,5.88,5787611
2022-01-18,5.87,6.01,5.61,5.75,5246345
2022-01-19,5.79,5.86,5.52,5.58,8604194
2022-01-20,5.6,5.67,5.52,5.59,5839459
2022-01-21,5.64,6.07,5.58,6.01,12545615
2022-01-24,5.98,6.07,5.53,5.61,8178717
2022-01-25,5.57,5.68,5.5,5.61,7217171
2022-01-26,5.62,5.68,5.54,5.6,5493816
2022-01-27,5.72,5.9,5.63,5.81,6582935
2022-01-28,5.83,5.99,5.41,5.57,9912102
2022-01-31,5.57,5.6,5.37,5.4,7325025
2022-02-01,5.42,5.48,5.23,5.29,5565081
2022-02-02,5.29,5.41,5.13,5.25,5399291
2022-02-03,5.28,5.39,5.17,5.28,6781169
2022-02-04,5.32,5.38,5.08,5.14,5232270
2022-02-07,5.18,5.32,5.13,5.26,5804505
2022-02-08,5.23,5.28,5.19,5.24,6092451
2022-02-09,5.3,5.45,5.2,5.35,6192477
2022-02-10,5.32,5.43,5.25,5.35,5879376
2022-02-11,5.33,5.42,5.28,5.37,5557704
2022-02-14,5.33,5.46,5.14,5.26,5716037
2022-02-15,5.27,5.34,5.07,5.14,5917148
2022-02-16,5.1,5.2,4.9,5.0,8318177
2022-02-17,5.02,5.19,4.92,5.09,5452011
2022-02-18,5.06,5.08,5.0,5.02,6138424
2022-02-21,5.0,5.12,4.95,5.07,5023901
2022-02-22,5.04,5.07,4.97,5.0,10900393
2022-02-23,5.04,5.17,4.86,5.0,8219957
2022-02-24,5.04,5.09,4.94,5.0,9697291
2022-02-25,5.0,5.04,4.96,5.0,9733260
2022-02-28,5.0,5.25,4.9,5.15,5517080
2022-03-01,5.13,5.25,5.07,5.18,7237190
2022-03-02,5.19,5.3,4.89,5.0,9907747
2022-03-03,5.0,5.08,4.92,5.0,5799787
2022-03-04,5.0,5.09,4.91,5.0,5676934
2022-03-07,5.0,5.07,4.93,5.0,6857250
2022-03-08,5.01,5.06,4.95,5.0,6957620
2022-03-09,5.04,5.14,4.9,5.0,6770139
2022-03-10,5.03,5.41,4.94,5.32,11139312
2022-03-11,5.32,5.57,5.23,5.48,6052766
2022-03-14,5.46,5.75,5.36,5.65,5938667
2022-03-15,5.67,5.73,5.58,5.64,5829134
2022-03-16,5.64,5.73,5.35,5.44,5538348
2022-03-17,5.42,5.51,5.33,5.42,6353910
2022-03-18,5.4,5.66,5.3,5.56,5446950
2022-03-21,5.55,5.65,5.4,5.49,5606970
2022-03-22,5.47,5.54,5.33,5.4,5930027
2022-03-23,5.36,5.42,5.19,5.26,5149554
2022-03-24,5.29,5.42,5.19,5.31,7326476
2022-03-25,5.34,5.43,5.26,5.35,6951066
2022-03-28,5.37,5.84,5.24,5.7,12046335
2022-03-29,5.68,5.77,5.5,5.58,5545993
2022-03-30,5.61,6.02,5.54,5.94,8606647
2022-03-31,5.93,6.13,5.81,6.0,5636523
2022-04-01,5.96,6.12,5.85,6.01,6716645
2022-04-04,5.99,6.09,5.76,5.86,7323474
2022-04-05,5.91,6.34,5.85,6.27,10956430
2022-04-06,6.24,6.4,6.18,6.34,7760249
2022-04-07,6.29,6.38,6.18,6.27,5456071
2022-04-08,6.25,6.64,6.17,6.55,8307104
2022-04-11,6.54,6.76,6.44,6.66,6337792
2022-04-12,6.65,6.94,6.56,6.85,5566078
2022-04-13,6.89,7.04,6.54,6.69,6300717
2022-04-14,6.66,7.06,6.53,6.92,5231951
2022-04-15,6.94,7.07,6.78,6.92,6278544
2022-04-18,6.9,7.18,6.76,7.05,7989271
2022-04-19,7.07,7.25,6.83,7.01,5324696
2022-04-20,7.01,7.14,6.91,7.04,5639759
2022-04-21,7.08,7.16,7.06,7.14,7580532
2022-04-22,7.07,7.28,6.97,7.17,5159457
2022-04-25,7.16,7.32,7.01,7.18,7850352
2022-04-26,7.18,7.26,7.1,7.18,5025244
2022-04-27,7.21,7.43,7.05,7.27,5486265
2022-04-28,7.31,7.6,7.26,7.56,5708398
2022-04-29,7.54,8.15,7.37,7.97,8954133
2022-05-02,7.94,8.19,7.83,8.08,6848541
2022-05-03,8.12,8.44,7.99,8.3,5727399
2022-05-04,8.27,8.7,8.14,8.56,5824738
2022-05-05,8.53,9.24,8.38,9.09,9700689
2022-05-06,9.03,9.22,8.87,9.06,5181658
2022-05-09,9.04,9.04,8.74,8.75,5818931
2022-05-10,8.7,8.77,8.45,8.53,5893655
2022-05-11,8.49,8.96,8.3,8.76,6640591
2022-05-12,8.78,8.98,8.61,8.82,7503919
2022-05-13,8.82,9.03,8.11,8.31,10755960
2022-05-16,8.36,8.54,8.12,8.3,5619352
2022-05-17,8.28,8.43,8.1,8.24,6436364
2022-05-18,8.24,8.81,8.07,8.63,8740292
2022-05-19,8.72,9.14,8.57,8.98,6094088
2022-05-20,8.98,9.14,8.72,8.87,5205092
2022-05-23,8.8,9.06,8.64,8.9,5498632
2022-05-24,8.93,9.65,8.85,9.56,11227766
2022-05-25,9.56,9.88,9.36,9.68,5572470
2022-05-26,9.62,9.79,9.2,9.38,5764946
2022-05-27,9.36,9.61,9.23,9.48,7388150
2022-05-30,9.51,9.62,9.29,9.4,5169210
2022-05-31,9.36,9.47,9.22,9.33,5922122
2022-06-01,9.39,9.66,9.25,9.51,7739714
2022-06-02,9.59,9.78,9.14,9.33,6453003
2022-06-03,9.3,9.49,8.74,8.93,5402392
2022-06-06,8.83,9.0,8.43,8.6,6097319
2022-06-07,8.6,8.78,8.33,8.51,6583705
2022-06-08,8.43,8.61,8.32,8.5,6138660
2022-06-09,8.59,8.85,8.41,8.67,6074642
2022-06-10,8.68,8.8,8.38,8.5,5545891
2022-06-13,8.57,8.86,8.43,8.72,5594995
2022-06-14,8.63,8.95,8.46,8.79,6906553
2022-06-15,8.77,9.09,8.61,8.92,6152606
2022-06-16,8.88,9.36,8.69,9.17,5638017
2022-06-17,9.11,9.25,8.7,8.83,5279488
2022-06-20,8.8,8.94,8.45,8.59,5829586
2022-06-21,8.49,8.62,8.42,8.55,5491109
2022-06-22,8.51,8.96,8.46,8.9,8934111
2022-06-23,8.91,9.05,8.68,8.82,5418037
2022-06-24,8.74,8.88,8.45,8.59,5642563
2022-06-27,8.51,8.95,8.38,8.82,5258998
2022-06-28,8.87,9.21,8.75,9.09,5521421
2022-06-29,9.04,9.17,8.9,9.03,5664937
2022-06-30,9.05,9.24,8.91,9.1,6444503
2022-07-01,9.11,9.3,8.81,9.0,5285169
2022-07-04,9.12,9.28,8.66,8.8,6012058
2022-07-05,8.81,8.96,8.68,8.84,5521724
2022-07-06,8.8,9.14,8.64,8.98,6044076
2022-07-07,9.0,9.38,8.84,9.22,5427638
2022-07-08,9.24,9.48,8.9,9.14,7734529
2022-07-11,9.23,9.66,9.08,9.5,5833674
2022-07-12,9.45,9.89,9.29,9.72,5891429
2022-07-13,9.73,9.88,9.57,9.72,6313832
2022-07-14,9.69,9.98,9.48,9.77,6114629
2022-07-15,9.81,9.96,9.62,9.77,5764898
2022-07-18,9.8,10.26,9.65,10.1,6825338
2022-07-19,10.18,10.3,9.99,10.11,5158899
2022-07-20,10.09,10.23,10.0,10.13,5744819
2022-07-21,10.21,10.57,10.05,10.41,5980333
2022-07-22,10.45,10.88,10.27,10.7,5577304
2022-07-25,10.69,11.21,10.52,11.03,7005563
2022-07-26,11.07,11.37,10.92,11.21,5569785
2022-07-27,11.17,11.31,10.76,10.9,5380276
2022-07-28,10.85,10.98,10.71,10.85,6592372
2022-07-29,10.83,11.01,10.34,10.52,6810964
2022-08-01,10.55,10.97,10.32,10.74,5020652
2022-08-02,10.69,11.06,10.45,10.81,5234651
2022-08-03,10.77,11.02,10.61,10.86,7858007
2022-08-04,10.94,11.37,10.76,11.18,6269372
2022-08-05,11.21,11.41,10.41,10.6,9747027
2022-08-08,10.62,10.85,10.45,10.69,5606299
2022-08-09,10.85,11.08,10.65,10.88,5585938
2022-08-10,10.89,11.09,10.29,10.48,6224257
2022-08-11,10.52,10.9,10.26,10.64,5759016
2022-08-12,10.66,11.03,10.54,10.9,5744559
2022-08-15,10.82,11.0,10.63,10.81,5213337
2022-08-16,10.74,11.01,10.63,10.91,6208930
2022-08-17,10.86,11.45,10.67,11.24,5537047
2022-08-18,11.23,11.57,10.98,11.32,5983512
2022-08-19,11.31,11.46,11.15,11.3,6252067
2022-08-22,11.26,11.68,11.02,11.43,5925614
2022-08-23,11.52,12.28,11.34,12.09,9113102
2022-08-24,12.09,12.58,11.78,12.26,5840013
2022-08-25,12.21,12.49,11.98,12.25,5090466
2022-08-26,12.21,12.7,12.18,12.67,7305805
2022-08-29,12.53,13.31,12.34,13.12,8839533
2022-08-30,13.21,13.7,12.96,13.45,5706741
2022-08-31,13.36,13.59,13.02,13.25,5296473
2022-09-01,13.26,13.41,12.78,12.93,6299011
2022-09-02,12.78,12.94,12.05,12.2,8057547
2022-09-05,12.21,12.57,11.99,12.35,5242329
2022-09-06,12.32,12.57,12.18,12.44,6256429
2022-09-07,12.52,12.81,12.31,12.61,7697837
2022-09-08,12.6,13.02,12.32,12.73,5233552
2022-09-09,12.83,13.39,12.57,13.12,6915846
2022-09-12,13.03,13.19,12.77,12.92,5330783
2022-09-13,12.94,13.25,12.28,12.58,6826344
2022-09-14,12.49,12.71,12.15,12.37,5887497
2022-09-15,12.44,12.56,12.12,12.24,5931184
2022-09-16,12.19,12.41,11.65,11.87,6211984
2022-09-19,11.9,12.09,11.39,11.58,5630212
2022-09-20,11.61,11.78,11.3,11.47,7071222
2022-09-21,11.48,11.69,11.31,11.52,7662201
2022-09-22,11.45,11.58,10.55,10.68,11424847
2022-09-23,10.55,10.64,10.46,10.54,5459003
2022-09-26,10.48,10.7,10.01,10.23,5332125
2022-09-27,10.23,10.83,10.06,10.65,6164618
2022-09-28,10.67,10.9,9.82,10.04,8277057
2022-09-29,9.95,10.43,9.78,10.25,5313716
2022-09-30,10.31,10.45,10.11,10.25,6170086
2022-10-03,10.21,10.53,10.04,10.35,5184640
2022-10-04,10.24,10.53,10.1,10.38,5964052
2022-10-05,10.38,10.52,9.44,9.57,9015275
2022-10-06,9.6,9.77,9.28,9.45,5941186
2022-10-07,9.54,9.74,9.38,9.57,8361504
2022-10-10,9.66,9.81,9.29,9.43,6433865
2022-10-11,9.39,9.55,9.14,9.3,6533543
2022-10-12,9.41,9.67,9.26,9.51,7561098
2022-10-13,9.47,9.74,9.29,9.56,5388870
2022-10-14,9.57,9.85,9.46,9.74,7256279
2022-10-17,9.72,9.82,9.43,9.53,5489762
2022-10-18,9.51,9.63,9.35,9.46,5064081
2022-10-19,9.49,9.66,9.41,9.58,5288517
2022-10-20,9.54,9.96,9.46,9.87,5907654
2022-10-21,9.87,10.35,9.67,10.14,7094680
2022-10-24,10.17,10.41,9.77,10.01,7448717
2022-10-25,10.01,10.2,9.75,9.94,5368391
2022-10-26,9.94,10.08,9.6,9.74,5186154
2022-10-27,9.76,9.92,9.62,9.78,5247965
2022-10-28,9.8,10.05,9.68,9.93,5482750
2022-10-31,9.9,10.23,9.76,10.08,6201614
2022-11-01,10.18,10.31,9.85,9.98,5747367
2022-11-02,10.0,10.33,9.81,10.13,5670211
2022-11-03,10.1,10.32,9.93,10.14,5221605
2022-11-04,10.18,10.7,9.98,10.5,5027047
2022-11-07,10.48,10.87,10.3,10.69,6390575
2022-11-08,10.7,10.9,10.27,10.47,5588659
2022-11-09,10.42,10.89,10.2,10.66,5993534
2022-11-10,10.65,10.81,10.1,10.25,7783873
2022-11-11,10.27,10.87,10.1,10.69,6030822
2022-11-14,10.73,10.9,10.34,10.51,6192342
2022-11-15,10.52,10.75,9.82,10.03,9277060
2022-11-16,9.99,10.29,9.83,10.13,7213266
2022-11-17,10.06,10.49,9.87,10.29,5874824
2022-11-18,10.31,10.47,9.78,9.93,6748450
2022-11-21,9.96,10.18,9.79,10.01,5296868
2022-11-22,10.02,10.23,9.76,9.96,5352877
2022-11-23,9.85,10.07,9.2,9.4,8509865
2022-11-24,9.43,9.55,9.02,9.14,6306858
2022-11-25,9.11,9.28,8.86,9.03,5358543
2022-11-28,9.03,9.28,8.71,8.96,5962724
2022-11-29,8.98,9.24,8.86,9.12,6443062
2022-11-30,9.2,9.74,9.0,9.52,6251373
2022-12-01,9.48,9.89,9.35,9.76,5041792
2022-12-02,9.69,9.87,9.58,9.77,5377163
2022-12-05,9.7,9.97,9.62,9.89,5578717
2022-12-06,9.94,10.49,9.78,10.33,5685489
2022-12-07,10.33,10.49,9.97,10.12,6346871
2022-12-08,10.15,10.35,9.98,10.18,5066988
2022-12-09,10.1,10.29,9.86,10.05,7222878
2022-12-12,10.05,11.13,9.92,10.99,9013158
2022-12-13,11.07,11.35,10.47,10.75,6205973
2022-12-14,10.71,11.02,10.22,10.53,5102695
2022-12-15,10.59,10.81,10.13,10.36,5940067
2022-12-16,10.36,10.55,9.84,10.03,5298425
2022-12-19,10.0,10.51,9.79,10.29,5413941
2022-12-20,10.33,10.66,10.16,10.48,6037962
2022-12-21,10.44,10.61,9.59,9.74,9059251
2022-12-22,9.72,9.93,9.54,9.75,5372480
2022-12-23,9.64,10.56,9.52,10.43,11948700
2022-12-26,10.4,10.45,10.02,10.07,5590110
2022-12-27,10.12,10.65,9.98,10.49,5303935
2022-12-28,10.58,10.78,9.98,10.17,6049280
2022-12-29,10.2,10.31,9.98,10.08,5316133
2022-12-30,10.08,10.53,9.88,10.32,5136724
2023-01-02,10.34,10.9,10.17,10.73,5816736
2023-01-03,10.79,11.25,10.54,10.99,6038863
2023-01-04,10.93,11.11,10.47,10.64,5104450
2023-01-05,10.65,11.41,10.54,11.29,10546002
2023-01-06,11.25,11.42,11.15,11.32,6505027
2023-01-09,11.22,11.84,10.95,11.56,5016914
2023-01-10,11.56,11.69,11.0,11.13,6246689
2023-01-11,11.11,11.67,10.92,11.47,6147882
2023-01-12,11.59,12.08,11.38,11.87,5204569
2023-01-13,11.77,12.1,11.57,11.9,5776570
2023-01-16,11.89,12.19,11.27,11.56,6019308
2023-01-17,11.52,11.8,11.31,11.59,5690007
2023-01-18,11.56,12.27,11.39,12.09,8380109
2023-01-19,12.14,12.3,11.86,12.02,5390513
2023-01-20,11.96,12.43,11.7,12.16,5446938
2023-01-23,12.14,12.3,11.47,11.63,10027544
2023-01-24,11.55,12.1,11.31,11.86,8149607
2023-01-25,11.95,12.13,11.78,11.95,7574236
2023-01-26,11.87,12.38,11.69,12.2,6326777
2023-01-27,12.24,12.95,12.01,12.71,6081585
2023-01-30,12.78,13.01,12.09,12.32,6721289
2023-01-31,12.31,12.53,11.94,12.15,5215043
2023-02-01,12.16,13.21,11.92,12.95,9313154
2023-02-02,13.0,13.18,12.58,12.75,5233624
2023-02-03,12.79,12.98,12.45,12.63,6239046
2023-02-06,12.65,12.88,12.24,12.47,7693124
2023-02-07,12.4,12.59,11.77,11.96,5409135
2023-02-08,12.07,12.37,11.71,12.0,5936770
2023-02-09,11.88,12.03,11.47,11.62,6392607
2023-02-10,11.63,11.7,11.3,11.37,6559256
2023-02-13,11.29,11.46,10.94,11.11,5918185
2023-02-14,11.21,11.38,10.66,10.82,6266159
2023-02-15,10.83,11.23,10.61,11.0,5452506
2023-02-16,10.99,11.13,10.86,11.0,7981014
2023-02-17,11.02,11.24,10.17,10.38,8835292
2023-02-20,10.38,10.58,10.14,10.34,5700866
2023-02-21,10.32,10.55,10.05,10.27,5039004
2023-02-22,10.24,10.4,10.04,10.2,6487959
2023-02-23,10.14,10.54,10.0,10.39,6399822
2023-02-24,10.39,10.7,10.23,10.54,7053284
2023-02-27,10.55,10.77,10.28,10.49,5699350
2023-02-28,10.52,10.82,10.3,10.6,5914181
2023-03-01,10.57,10.99,10.43,10.85,6339697
2023-03-02,10.84,11.08,10.7,10.94,5937813
2023-03-03,11.04,11.25,10.67,10.88,6946033
2023-03-06,10.87,11.01,10.34,10.48,5054480
2023-03-07,10.49,11.09,10.34,10.94,10545972
2023-03-08,10.89,11.05,10.63,10.78,6289322
2023-03-09,10.73,10.89,10.53,10.69,5923466
2023-03-10,10.74,10.95,10.31,10.53,6120956
2023-03-13,10.52,10.69,10.31,10.48,8811220
2023-03-14,10.48,11.23,10.27,11.01,10619651
2023-03-15,10.95,11.1,10.71,10.86,6249507
2023-03-16,10.88,11.03,10.76,10.91,7699853
2023-03-17,10.88,11.63,10.71,11.45,8963694
2023-03-20,11.42,11.96,11.18,11.72,5763908
2023-03-21,11.64,11.85,10.93,11.12,10158710
2023-03-22,11.15,11.26,10.84,10.94,7686299
2023-03-23,10.98,11.19,10.66,10.87,5469881
2023-03-24,10.93,11.07,10.25,10.38,8889555
2023-03-27,10.38,10.68,10.24,10.53,6760403
2023-03-28,10.45,10.5,10.27,10.32,7470569
2023-03-29,10.32,10.63,10.19,10.49,5986033
2023-03-30,10.41,10.6,10.01,10.2,5586906
2023-03-31,10.11,10.32,9.74,9.95,6524426
2023-04-03,9.94,10.28,9.8,10.14,5190441
2023-04-04,10.12,10.31,9.83,10.02,7298416
2023-04-05,10.07,10.18,9.93,10.03,5014843
2023-04-06,10.04,10.18,9.76,9.89,7297161
2023-04-07,9.93,10.12,9.6,9.78,5922569
2023-04-10,9.78,9.88,9.53,9.63,6977372
2023-04-11,9.59,9.65,9.24,9.29,5144719
2023-04-12,9.23,9.84,9.06,9.67,8508620
2023-04-13,9.64,9.74,9.24,9.34,5944711
2023-04-14,9.43,9.55,9.28,9.4,5711190
2023-04-17,9.42,9.43,9.16,9.17,5233628
2023-04-18,9.15,9.66,8.99,9.49,6302722
2023-04-19,9.43,9.71,9.31,9.59,6829890
2023-04-20,9.55,9.79,8.83,9.06,11598844
2023-04-21,9.03,9.17,8.55,8.69,7422710
2023-04-24,8.78,9.08,8.61,8.91,7113449
2023-04-25,8.96,9.12,8.64,8.8,6339614
2023-04-26,8.85,8.99,8.35,8.49,6745191
2023-04-27,8.45,8.64,8.36,8.53,7048131
2023-04-28,8.51,9.1,8.38,8.97,10853889
2023-05-01,9.0,9.28,8.88,9.16,6162454
2023-05-02,9.17,9.37,8.78,8.98,5599679
2023-05-03,8.91,9.06,8.49,8.63,8528541
2023-05-04,8.55,8.69,8.4,8.53,5163979
2023-05-05,8.59,9.06,8.4,8.86,6035775
2023-05-08,8.87,9.19,8.76,9.08,5472765
2023-05-09,9.09,9.18,8.96,9.06,5335849
2023-05-10,9.06,9.46,8.89,9.29,5003462
2023-05-11,9.22,9.86,9.01,9.64,9576386
2023-05-12,9.62,9.8,9.08,9.25,5285323
2023-05-15,9.18,9.26,9.09,9.16,6213778
2023-05-16,9.18,9.33,8.82,8.97,5225188
2023-05-17,8.94,9.09,8.65,8.79,6636860
2023-05-18,8.79,9.13,8.65,8.99,5029401
2023-05-19,8.94,9.07,8.56,8.69,6221346
2023-05-22,8.65,8.82,8.33,8.49,7514447
2023-05-23,8.44,8.71,8.32,8.58,5025144
2023-05-24,8.67,8.82,8.45,8.6,5998316
2023-05-25,8.65,8.88,8.07,8.3,5119895
2023-05-26,8.3,8.54,8.21,8.44,5795923
2023-05-29,8.43,8.57,7.87,8.0,11289987
2023-05-30,7.95,8.03,7.84,7.92,5028402
2023-05-31,7.93,8.15,7.8,8.01,5606491
2023-06-01,8.0,8.41,7.94,8.35,10169836
2023-06-02,8.38,8.55,8.29,8.46,5048865
2023-06-05,8.47,8.61,8.34,8.48,5402967
2023-06-06,8.49,8.68,8.35,8.55,5687639
2023-06-07,8.62,8.76,8.27,8.41,5224908
2023-06-08,8.43,8.99,8.34,8.9,13135214
2023-06-09,8.88,9.12,8.83,9.07,5394496
2023-06-12,9.13,9.28,8.92,9.07,6015329
2023-06-13,9.12,9.27,8.82,8.97,6418421
2023-06-14,8.93,9.06,8.33,8.46,8434390
2023-06-15,8.45,8.62,8.15,8.32,6075778
2023-06-16,8.3,8.64,8.14,8.47,5406145
2023-06-19,8.55,9.1,8.42,8.97,8939266
2023-06-20,8.91,9.02,8.57,8.68,6819248
2023-06-21,8.69,8.9,8.37,8.59,6565262
2023-06-22,8.56,8.68,8.31,8.43,5942108
2023-06-23,8.36,8.52,8.16,8.32,6587790
2023-06-26,8.33,8.5,8.24,8.42,5771801
2023-06-27,8.36,8.49,8.16,8.29,5998829
2023-06-28,8.25,8.35,8.14,8.23,5400122
2023-06-29,8.26,8.4,7.85,7.99,5304218
2023-06-30,7.92,8.08,7.45,7.6,6430541
2023-07-03,7.57,8.11,7.41,7.94,12048018
2023-07-04,7.86,8.05,7.71,7.9,5101312
2023-07-05,7.82,7.9,7.25,7.33,8856977
2023-07-06,7.39,7.5,7.17,7.28,5237924
2023-07-07,7.29,7.49,7.17,7.36,7139095
2023-07-10,7.35,7.43,7.11,7.19,6488441
2023-07-11,7.16,7.3,7.02,7.16,7863230
2023-07-12,7.12,7.24,6.97,7.09,5206631
2023-07-13,7.08,7.29,6.95,7.15,5299680
2023-07-14,7.17,7.25,7.0,7.08,6408694
2023-07-17,7.01,7.21,6.88,7.08,6875310
2023-07-18,7.15,7.26,7.04,7.15,5688323
2023-07-19,7.1,7.18,6.78,6.86,5344538
2023-07-20,6.92,7.1,6.68,6.87,6226613
2023-07-21,6.86,6.97,6.73,6.84,7338694
2023-07-24,6.87,7.02,6.7,6.85,6451024
2023-07-25,6.82,6.97,6.69,6.84,6869599
2023-07-26,6.82,6.93,6.73,6.84,6690950
2023-07-27,6.86,6.99,6.56,6.69,5006391
2023-07-28,6.71,6.84,6.36,6.49,6285134
2023-07-31,6.55,6.64,6.37,6.46,6916592
2023-08-01,6.44,6.74,6.31,6.61,5127727
2023-08-02,6.59,6.61,6.39,6.41,5746232
2023-08-03,6.43,6.82,6.36,6.74,9967898
2023-08-04,6.73,6.8,6.65,6.71,6731375
2023-08-07,6.73,6.84,6.54,6.65,8378861
2023-08-08,6.65,6.74,6.5,6.59,6739609
2023-08-09,6.56,6.87,6.46,6.76,5312054
2023-08-10,6.8,7.3,6.67,7.17,8536894
2023-08-11,7.23,7.55,7.12,7.44,6344182
2023-08-14,7.52,7.64,7.48,7.6,6914122
2023-08-15,7.62,7.82,7.44,7.64,7770476
2023-08-16,7.64,7.81,7.46,7.62,5257078
2023-08-17,7.57,7.7,7.32,7.45,5953011
2023-08-18,7.4,7.55,7.32,7.47,6101270
2023-08-21,7.44,7.49,7.26,7.32,5315370
2023-08-22,7.32,7.49,6.9,7.06,5575553
2023-08-23,7.06,7.14,6.92,6.99,5648310
2023-08-24,7.02,7.26,6.93,7.17,6692034
2023-08-25,7.19,7.35,7.08,7.24,5621347
2023-08-28,7.25,7.59,7.15,7.49,5557445
2023-08-29,7.45,7.66,7.4,7.6,5368744
2023-08-30,7.64,7.87,7.49,7.72,6138422
2023-08-31,7.7,7.77,7.31,7.38,6148236
2023-09-01,7.48,7.56,7.29,7.37,5008577
2023-09-04,7.4,7.67,7.37,7.63,6980962
2023-09-05,7.69,7.82,7.56,7.69,7489735
2023-09-06,7.62,8.33,7.49,8.19,8045535
2023-09-07,8.17,8.31,7.69,7.83,9448426
2023-09-08,7.87,8.03,7.71,7.87,5788357
2023-09-11,7.85,8.31,7.67,8.12,5201973
2023-09-12,8.15,8.28,7.9,8.02,7159435
2023-09-13,8.07,8.16,7.98,8.06,5550871
2023-09-14,8.06,8.24,7.78,7.96,5420631
2023-09-15,7.92,8.05,7.73,7.86,5345179
2023-09-18,7.83,8.03,7.71,7.9,6669193
2023-09-19,7.93,8.05,7.76,7.88,5008419
2023-09-20,7.91,8.04,7.8,7.94,5149546
2023-09-21,7.98,8.25,7.88,8.14,5826891
2023-09-22,8.1,8.24,8.04,8.17,9015188
2023-09-25,8.11,8.26,8.01,8.16,6261672
2023-09-26,8.23,8.4,8.0,8.17,7213898
2023-09-27,8.16,8.29,8.05,8.17,6375056
2023-09-28,8.13,8.62,7.97,8.44,5815125
2023-09-29,8.48,8.88,8.36,8.76,5513587
2023-10-02,8.74,9.28,8.56,9.09,5675147
2023-10-03,9.13,9.24,8.76,8.87,5446412
2023-10-04,8.9,9.34,8.8,9.24,5835826
2023-10-05,9.21,9.67,9.09,9.54,7793940
2023-10-06,9.55,9.87,9.37,9.69,5834077
2023-10-09,9.71,9.99,9.59,9.86,6521204
2023-10-10,9.85,10.0,9.81,9.96,6382197
2023-10-11,9.96,10.57,9.77,10.37,5934837
2023-10-12,10.48,10.67,10.15,10.34,5618575
2023-10-13,10.27,11.05,10.1,10.88,9615187
2023-10-16,10.92,11.1,10.54,10.71,5573789
2023-10-17,10.73,10.9,10.41,10.58,5465209
2023-10-18,10.61,10.77,10.43,10.6,7038760
2023-10-19,10.44,10.96,10.21,10.73,6678187
2023-10-20,10.7,10.9,10.45,10.66,7094667
2023-10-23,10.61,11.02,10.45,10.85,7394839
2023-10-24,10.89,11.05,10.3,10.46,6030778
2023-10-25,10.46,10.6,10.18,10.32,6211150
2023-10-26,10.31,10.51,10.13,10.34,5285898
2023-10-27,10.34,10.43,9.79,9.87,8357113
2023-10-30,9.87,10.03,9.57,9.73,5230180
2023-10-31,9.76,10.0,9.58,9.82,5499483
2023-11-01,9.85,9.95,9.63,9.73,6876154
2023-11-02,9.75,9.89,9.41,9.55,5207250
2023-11-03,9.6,9.89,9.44,9.72,6752899
2023-11-06,9.7,9.95,9.5,9.75,7459751
2023-11-07,9.76,9.93,9.4,9.57,6665271
2023-11-08,9.6,10.22,9.47,10.08,11081600
2023-11-09,10.03,10.17,9.63,9.77,5127209
2023-11-10,9.79,9.95,9.14,9.3,12644506
2023-11-13,9.26,9.62,9.18,9.54,6009169
2023-11-14,9.61,10.01,9.41,9.81,5206131
2023-11-15,9.8,9.99,9.69,9.87,5683681
2023-11-16,9.92,10.15,9.7,9.93,5871016
2023-11-17,9.86,10.13,9.66,9.93,5748111
2023-11-20,9.87,10.06,9.72,9.9,5515169
2023-11-21,9.86,10.0,9.29,9.42,8436166
2023-11-22,9.35,9.56,9.15,9.37,7161443
2023-11-23,9.49,9.95,9.32,9.78,5317347
2023-11-24,9.75,9.86,9.68,9.8,5156963
2023-11-27,9.77,9.98,9.51,9.72,7354646
2023-11-28,9.71,9.88,9.41,9.59,6333584
2023-11-29,9.61,9.8,9.21,9.4,5351666
2023-11-30,9.43,10.03,9.25,9.84,8099893
2023-12-01,9.77,9.94,9.61,9.78,6884699
2023-12-04,9.82,10.08,9.59,9.85,5520048
2023-12-05,9.92,10.09,9.45,9.62,5926641
2023-12-06,9.64,9.85,9.32,9.53,5301423
2023-12-07,9.53,9.77,9.08,9.32,5904635
2023-12-08,9.28,10.13,9.1,9.94,10170574
2023-12-11,9.97,10.08,9.7,9.81,6064435
2023-12-12,9.88,10.31,9.72,10.15,7286811
2023-12-13,10.15,10.58,9.94,10.36,5236914
2023-12-14,10.39,10.5,10.29,10.4,5711799
2023-12-15,10.33,10.74,10.12,10.53,5355963
2023-12-18,10.55,11.54,10.38,11.35,9785782
2023-12-19,11.24,11.4,10.81,10.96,6070269
2023-12-20,10.97,11.32,10.9,11.24,6081915
2023-12-21,11.25,11.45,10.88,11.07,5166675
2023-12-22,11.12,11.27,10.98,11.13,5446326
2023-12-25,11.14,11.52,10.88,11.25,7344003
2023-12-26,11.24,11.47,11.05,11.28,6025284
2023-12-27,11.34,11.48,10.83,10.97,5029223
2023-12-28,10.95,11.4,10.8,11.25,6437094
2023-12-29,11.3,11.55,11.13,11.38,6343841
2024-01-01,11.38,11.6,11.15,11.37,6051240
2024-01-02,11.26,11.5,10.97,11.2,7005079
2024-01-03,11.24,11.36,11.11,11.23,5628031
2024-01-04,11.3,11.65,11.1,11.44,6938972
2024-01-05,11.54,11.75,10.96,11.16,7040778
2024-01-08,11.13,11.29,10.77,10.92,6732601
2024-01-09,10.89,11.14,10.66,10.92,5160520
2024-01-10,10.86,11.14,10.64,10.91,5217884
2024-01-11,10.85,10.91,10.68,10.74,6262430
2024-01-12,10.72,11.09,10.55,10.92,6475695
2024-01-15,10.96,11.11,10.52,10.66,5198438
2024-01-16,10.6,10.96,10.43,10.79,6047340
2024-01-17,10.82,10.92,10.55,10.64,6832146
2024-01-18,10.64,10.81,9.97,10.14,9507890
2024-01-19,10.03,10.19,9.32,9.48,10137102
2024-01-22,9.37,9.48,9.23,9.34,6024365
2024-01-23,9.33,9.51,8.91,9.09,7299049
2024-01-24,9.0,9.4,8.88,9.27,7712867
2024-01-25,9.29,9.63,9.13,9.46,6509204
2024-01-26,9.4,9.52,9.23,9.35,6984833
2024-01-29,9.45,9.71,9.34,9.6,5486988
2024-01-30,9.67,9.79,9.5,9.61,6220961
2024-01-31,9.65,9.77,9.24,9.36,5804918
2024-02-01,9.22,9.52,9.09,9.4,6369456
2024-02-02,9.42,9.65,8.84,9.07,6796936
2024-02-05,9.0,9.14,8.62,8.77,6283499
2024-02-06,8.87,9.07,8.8,9.01,5700638
2024-02-07,8.95,9.03,8.38,8.45,8438975
2024-02-08,8.47,8.56,8.35,8.43,8243295
2024-02-09,8.5,8.63,8.23,8.36,5958113
2024-02-12,8.37,8.52,7.86,8.0,8892111
2024-02-13,7.94,8.01,7.73,7.8,5080926
2024-02-14,7.74,7.89,7.69,7.83,6451645
2024-02-15,7.81,7.91,7.52,7.62,5035018
2024-02-16,7.64,7.77,7.35,7.47,5152440
2024-02-19,7.47,7.66,7.08,7.27,5064230
2024-02-20,7.32,7.45,6.77,6.89,8802651
2024-02-21,6.93,7.08,6.68,6.82,7230696
2024-02-22,6.81,6.93,6.59,6.7,7658990
2024-02-23,6.74,6.91,6.67,6.84,5763879
2024-02-26,6.83,6.93,6.55,6.64,5869557
2024-02-27,6.63,6.94,6.54,6.85,6004645
2024-02-28,6.83,6.93,6.61,6.71,6269687
2024-02-29,6.71,7.16,6.59,7.03,9033808
2024-03-01,7.01,7.13,6.87,6.98,5934565
2024-03-04,6.97,7.14,6.89,7.06,5248276
2024-03-05,7.09,7.18,6.79,6.88,5031348
2024-03-06,6.81,6.92,6.69,6.8,7201582
2024-03-07,6.77,6.95,6.67,6.85,5128794
2024-03-08,6.82,6.93,6.68,6.8,6313666
2024-03-11,6.8,7.05,6.68,6.92,5548570
2024-03-12,6.89,7.01,6.73,6.85,6498692
2024-03-13,6.85,7.13,6.77,7.05,5862067
2024-03-14,7.11,7.3,7.06,7.26,5062119
2024-03-15,7.22,7.32,7.11,7.2,5274263
2024-03-18,7.33,7.44,7.14,7.24,6779012
2024-03-19,7.26,7.36,7.04,7.14,6890962
2024-03-20,7.12,7.23,6.65,6.76,10681976
2024-03-21,6.84,7.03,6.8,6.99,8123855
2024-03-22,6.91,7.18,6.8,7.07,6124781
2024-03-25,7.16,7.25,6.81,6.89,5086213
2024-03-26,6.97,7.33,6.89,7.25,5658877
2024-03-27,7.32,7.43,7.06,7.17,6260452
2024-03-28,7.1,7.41,7.02,7.33,5572172
2024-03-29,7.35,7.49,6.99,7.13,5019588
2024-04-01,7.1,7.18,6.99,7.08,6957955
2024-04-02,7.08,7.27,6.74,6.94,5745596
2024-04-03,6.94,7.2,6.84,7.1,7179985
2024-04-04,7.06,7.49,6.93,7.35,6303546
2024-04-05,7.19,7.32,7.06,7.19,8955496
2024-04-08,7.23,7.55,7.14,7.46,5575587
2024-04-09,7.5,7.64,7.04,7.18,5068003
2024-04-10,7.12,7.27,6.8,6.94,6561416
2024-04-11,6.89,7.75,6.77,7.61,8381387
2024-04-12,7.6,7.76,7.4,7.56,6114269
2024-04-15,7.56,7.64,7.29,7.37,6844963
2024-04-16,7.4,7.79,7.31,7.7,5800705
2024-04-17,7.7,7.99,7.56,7.85,7742145
2024-04-18,7.82,7.93,7.18,7.29,8848100
2024-04-19,7.3,7.6,7.2,7.5,7283286
2024-04-22,7.46,7.79,7.31,7.64,5636055
2024-04-23,7.61,7.69,7.44,7.52,5268125
2024-04-24,7.51,7.63,7.41,7.52,5542083
2024-04-25,7.6,7.73,7.14,7.27,8640420
2024-04-26,7.26,7.47,7.09,7.3,6088071
2024-04-29,7.32,7.45,7.02,7.14,5557476
2024-04-30,7.17,7.24,6.81,6.87,6115908
2024-05-01,6.9,7.14,6.79,7.03,6022650
2024-05-02,7.01,7.1,6.91,7.0,6418114
2024-05-03,6.99,7.07,6.7,6.78,5908173
2024-05-06,6.78,6.91,6.59,6.72,7264151
2024-05-07,6.75,6.84,6.59,6.68,5676169
2024-05-08,6.7,6.79,6.45,6.54,5349541
2024-05-09,6.52,6.65,6.38,6.5,6019416
2024-05-10,6.53,6.69,6.48,6.64,5139945
2024-05-13,6.61,6.71,6.1,6.19,9068088
2024-05-14,6.17,6.42,6.05,6.3,5205750
2024-05-15,6.3,6.36,6.24,6.29,5180639
2024-05-16,6.31,6.41,6.2,6.3,5358301
2024-05-17,6.27,6.39,6.12,6.24,5342592
2024-05-20,6.26,6.37,6.0,6.11,6675791
2024-05-21,6.16,6.19,6.02,6.05,6431340
2024-05-22,6.09,6.24,5.87,6.03,6748412
2024-05-23,6.04,6.13,5.87,5.95,5338981
2024-05-24,5.93,6.02,5.86,5.94,5757334
2024-05-27,5.89,6.11,5.79,6.01,7003839
2024-05-28,6.0,6.07,5.77,5.84,5624212
2024-05-29,5.86,5.94,5.69,5.77,5264043
2024-05-30,5.8,5.94,5.72,5.85,5766566
2024-05-31,5.85,6.26,5.7,6.1,8441123
2024-06-03,6.2,6.34,6.05,6.19,5730863
2024-06-04,6.2,6.36,6.08,6.24,5117430
2024-06-05,6.23,6.32,5.96,6.05,6291128
2024-06-06,6.1,6.38,6.02,6.3,5027983
2024-06-07,6.34,6.8,6.21,6.66,8338247
2024-06-10,6.6,7.1,6.48,6.97,14262138
2024-06-11,7.0,7.11,6.84,6.96,5307491
2024-06-12,6.95,7.05,6.74,6.84,6042408
2024-06-13,6.84,6.91,6.71,6.78,6493142
2024-06-14,6.78,6.95,6.43,6.58,6685945
2024-06-17,6.59,6.64,6.46,6.51,5322013
2024-06-18,6.52,6.64,6.11,6.22,8882059
2024-06-19,6.22,6.33,6.16,6.27,5236497
2024-06-20,6.28,6.36,6.2,6.28,6812129
2024-06-21,6.3,6.38,6.15,6.23,7382865
2024-06-24,6.25,6.35,5.71,5.81,9557298
2024-06-25,5.81,5.9,5.72,5.81,6775012
2024-06-26,5.81,5.86,5.75,5.8,5997813
2024-06-27,5.85,5.94,5.66,5.75,6088124
2024-06-28,5.74,5.99,5.69,5.93,5693368
2024-07-01,5.95,6.05,5.65,5.74,5808883
2024-07-02,5.77,5.95,5.67,5.84,6024217
2024-07-03,5.86,6.02,5.76,5.93,5542765
2024-07-04,5.95,6.04,5.79,5.87,6381655
2024-07-05,5.85,6.03,5.75,5.92,5794857
2024-07-08,5.9,5.96,5.84,5.9,7559425
2024-07-09,5.88,5.99,5.64,5.75,7454130
2024-07-10,5.7,5.84,5.65,5.78,5228224
2024-07-11,5.82,5.89,5.63,5.69,7207353
2024-07-12,5.65,5.77,5.34,5.47,5623745
2024-07-15,5.52,5.72,5.4,5.61,5041496
2024-07-16,5.64,5.72,5.4,5.48,5611351
2024-07-17,5.49,5.55,5.12,5.18,12439745
2024-07-18,5.17,5.27,5.09,5.18,8875590
2024-07-19,5.14,5.25,5.09,5.2,6051300
2024-07-22,5.16,5.54,5.09,5.47,8260691
2024-07-23,5.48,5.53,5.43,5.48,6882055
2024-07-24,5.45,5.51,5.34,5.41,7232696
2024-07-25,5.42,5.58,5.33,5.48,6563918
2024-07-26,5.5,5.67,5.42,5.59,8930961
2024-07-29,5.57,5.83,5.47,5.72,5500810
2024-07-30,5.73,5.95,5.63,5.84,5991393
2024-07-31,5.79,6.03,5.72,5.96,5077234
2024-08-01,5.98,6.1,5.72,5.84,5103362
2024-08-02,5.84,5.91,5.57,5.64,8341958
2024-08-05,5.64,5.69,5.45,5.5,7373239
2024-08-06,5.46,5.66,5.41,5.6,5281810
2024-08-07,5.57,5.67,5.16,5.26,8973012
2024-08-08,5.27,5.34,5.08,5.15,5629515
2024-08-09,5.2,5.27,4.93,5.0,5395418
2024-08-12,5.01,5.11,4.9,5.0,6109150
2024-08-13,5.05,5.15,4.99,5.09,5189927
2024-08-14,5.12,5.19,5.07,5.13,6247985
2024-08-15,5.11,5.17,5.06,5.13,8603375
2024-08-16,5.08,5.32,5.0,5.23,5355087
2024-08-19,5.2,5.54,5.1,5.43,11887413
2024-08-20,5.42,5.57,5.32,5.46,6258950
2024-08-21,5.46,5.56,5.36,5.46,5855114
2024-08-22,5.46,5.58,5.37,5.49,7057903
2024-08-23,5.48,5.58,5.3,5.39,6314819
2024-08-26,5.41,5.55,5.29,5.44,6372677
2024-08-27,5.4,5.5,5.25,5.35,5187405
2024-08-28,5.33,5.7,5.23,5.58,9926534
2024-08-29,5.54,5.84,5.4,5.69,5579489
2024-08-30,5.64,5.71,5.39,5.45,5760416
2024-09-02,5.41,5.51,5.33,5.43,5600142
2024-09-03,5.45,5.94,5.32,5.8,10176925
2024-09-04,5.84,5.91,5.73,5.8,5061550
2024-09-05,5.81,5.87,5.57,5.63,6530286
2024-09-06,5.6,5.68,5.44,5.51,7386539
2024-09-09,5.47,5.61,5.36,5.49,8015904
2024-09-10,5.49,5.66,5.41,5.59,6671753
2024-09-11,5.58,5.77,5.49,5.68,6317977
2024-09-12,5.64,5.77,5.55,5.68,6532672
2024-09-13,5.71,5.82,5.63,5.73,5712131
2024-09-16,5.77,6.09,5.7,6.02,8328825
2024-09-17,6.06,6.52,5.97,6.42,9887228
2024-09-18,6.42,6.65,6.34,6.57,6191830
2024-09-19,6.55,6.66,6.31,6.42,6614679
2024-09-20,6.35,6.69,6.23,6.56,7192413
2024-09-23,6.49,6.63,6.39,6.53,6224936
2024-09-24,6.48,6.55,6.33,6.4,5941243
2024-09-25,6.43,6.51,6.24,6.31,5849173
2024-09-26,6.33,6.36,5.95,5.99,10545564
2024-09-27,5.95,6.2,5.84,6.09,6147363
2024-09-30,6.13,6.46,5.98,6.32,8052621
2024-10-01,6.35,6.48,6.17,6.3,6770900
2024-10-02,6.26,6.39,6.1,6.23,5443297
2024-10-03,6.23,6.55,6.18,6.5,8630398
2024-10-04,6.49,6.57,6.14,6.21,8251717
2024-10-07,6.16,6.27,6.01,6.12,5472674
2024-10-08,6.1,6.19,5.83,5.91,6929209
2024-10-09,5.91,6.25,5.82,6.15,5490833
2024-10-10,6.12,6.2,6.03,6.11,5382746
2024-10-11,6.04,6.18,5.65,5.78,8992101
2024-10-14,5.79,5.87,5.55,5.63,5328495
2024-10-15,5.59,5.69,5.44,5.53,6339336
2024-10-16,5.51,5.74,5.36,5.59,5836348
2024-10-17,5.56,5.8,5.51,5.75,5937713
2024-10-18,5.73,5.84,5.44,5.54,7314376
2024-10-21,5.55,5.85,5.46,5.76,5239673
2024-10-22,5.77,6.18,5.66,6.06,11711886
2024-10-23,6.02,6.09,5.85,5.93,5752536
2024-10-24,5.95,6.04,5.83,5.91,5902888
2024-10-25,5.89,6.02,5.54,5.67,5575902
2024-10-28,5.68,5.79,5.39,5.49,9191184
2024-10-29,5.5,5.81,5.39,5.7,5010805
2024-10-30,5.69,5.96,5.61,5.89,5090845
2024-10-31,5.9,6.11,5.77,5.98,7340068
2024-11-01,6.07,6.14,5.9,5.97,8303267
2024-11-04,5.99,6.1,5.67,5.78,5849906
2024-11-05,5.77,5.89,5.37,5.48,8638981
2024-11-06,5.49,5.59,5.22,5.31,6041209
2024-11-07,5.33,5.5,5.23,5.4,5508636
2024-11-08,5.39,5.65,5.27,5.53,5533247
2024-11-11,5.49,5.56,5.33,5.4,5013952
2024-11-12,5.37,5.73,5.26,5.61,10927211
2024-11-13,5.57,5.7,5.49,5.61,5049311
2024-11-14,5.61,5.7,5.53,5.62,6808111
2024-11-15,5.6,5.66,5.46,5.52,5295779
2024-11-18,5.49,5.59,5.25,5.35,6523335
2024-11-19,5.34,5.67,5.18,5.5,6577919
2024-11-20,5.48,5.57,5.27,5.36,6396405
2024-11-21,5.3,5.7,5.24,5.63,9600904
2024-11-22,5.6,5.71,5.43,5.53,7879106
2024-11-25,5.5,5.6,5.41,5.52,5855401
2024-11-26,5.48,5.58,5.23,5.34,5133379
2024-11-27,5.35,5.91,5.26,5.81,8099757
2024-11-28,5.89,5.98,5.64,5.73,5541358
2024-11-29,5.71,5.9,5.59,5.78,5411313
2024-12-02,5.75,5.84,5.33,5.42,13907478
2024-12-03,5.43,5.5,5.38,5.46,5461068
2024-12-04,5.44,5.5,5.32,5.37,5458174
2024-12-05,5.31,5.61,5.19,5.48,6816543
2024-12-06,5.49,5.7,5.41,5.62,5787252
2024-12-09,5.6,5.74,5.55,5.69,5401297
2024-12-10,5.7,5.96,5.62,5.87,5780948
2024-12-11,5.9,5.99,5.77,5.86,5928336
2024-12-12,5.87,6.11,5.72,5.96,6190485
2024-12-13,5.92,6.02,5.86,5.96,8413645
2024-12-16,5.96,6.39,5.86,6.29,8866772
2024-12-17,6.34,6.49,6.09,6.24,5122997
2024-12-18,6.23,6.3,6.1,6.18,6568941
2024-12-19,6.24,6.36,6.19,6.31,5995455
2024-12-20,6.34,6.45,5.92,6.03,8902827
2024-12-23,6.04,6.18,5.86,6.0,5280696
2024-12-24,6.03,6.18,5.53,5.67,8478842
2024-12-25,5.72,5.81,5.37,5.46,9691799
2024-12-26,5.5,5.63,5.27,5.41,6806421
2024-12-27,5.37,5.44,5.14,5.21,6451527
2024-12-30,5.2,5.28,5.07,5.16,6080774
2024-12-31,5.12,5.31,5.05,5.25,9026693
